subject,H.period_mean,H.period_std,H.period_min,H.period_max,H.period_median,DD.period.t_mean,DD.period.t_std,DD.period.t_min,DD.period.t_max,DD.period.t_median,UD.period.t_mean,UD.period.t_std,UD.period.t_min,UD.period.t_max,UD.period.t_median,H.t_mean,H.t_std,H.t_min,H.t_max,H.t_median,DD.t.i_mean,DD.t.i_std,DD.t.i_min,DD.t.i_max,DD.t.i_median,UD.t.i_mean,UD.t.i_std,UD.t.i_min,UD.t.i_max,UD.t.i_median,H.i_mean,H.i_std,H.i_min,H.i_max,H.i_median,DD.i.e_mean,DD.i.e_std,DD.i.e_min,DD.i.e_max,DD.i.e_median,UD.i.e_mean,UD.i.e_std,UD.i.e_min,UD.i.e_max,UD.i.e_median,H.e_mean,H.e_std,H.e_min,H.e_max,H.e_median,DD.e.five_mean,DD.e.five_std,DD.e.five_min,DD.e.five_max,DD.e.five_median,UD.e.five_mean,UD.e.five_std,UD.e.five_min,UD.e.five_max,UD.e.five_median,H.five_mean,H.five_std,H.five_min,H.five_max,H.five_median,DD.five.Shift.r_mean,DD.five.Shift.r_std,DD.five.Shift.r_min,DD.five.Shift.r_max,DD.five.Shift.r_median,UD.five.Shift.r_mean,UD.five.Shift.r_std,UD.five.Shift.r_min,UD.five.Shift.r_max,UD.five.Shift.r_median,H.Shift.r_mean,H.Shift.r_std,H.Shift.r_min,H.Shift.r_max,H.Shift.r_median,DD.Shift.r.o_mean,DD.Shift.r.o_std,DD.Shift.r.o_min,DD.Shift.r.o_max,DD.Shift.r.o_median,UD.Shift.r.o_mean,UD.Shift.r.o_std,UD.Shift.r.o_min,UD.Shift.r.o_max,UD.Shift.r.o_median,H.o_mean,H.o_std,H.o_min,H.o_max,H.o_median,DD.o.a_mean,DD.o.a_std,DD.o.a_min,DD.o.a_max,DD.o.a_median,UD.o.a_mean,UD.o.a_std,UD.o.a_min,UD.o.a_max,UD.o.a_median,H.a_mean,H.a_std,H.a_min,H.a_max,H.a_median,DD.a.n_mean,DD.a.n_std,DD.a.n_min,DD.a.n_max,DD.a.n_median,UD.a.n_mean,UD.a.n_std,UD.a.n_min,UD.a.n_max,UD.a.n_median,H.n_mean,H.n_std,H.n_min,H.n_max,H.n_median,DD.n.l_mean,DD.n.l_std,DD.n.l_min,DD.n.l_max,DD.n.l_median,UD.n.l_mean,UD.n.l_std,UD.n.l_min,UD.n.l_max,UD.n.l_median,H.l_mean,H.l_std,H.l_min,H.l_max,H.l_median,DD.l.Return_mean,DD.l.Return_std,DD.l.Return_min,DD.l.Return_max,DD.l.Return_median,UD.l.Return_mean,UD.l.Return_std,UD.l.Return_min,UD.l.Return_max,UD.l.Return_median,H.Return_mean,H.Return_std,H.Return_min,H.Return_max,H.Return_median,samples_used,sessions_used,profile_version,created_at
s002,0.10199599999999999,0.016320932428674707,0.0404,0.1541,0.10305,0.1739592,0.08018541975650004,0.054,0.6441,0.1607,0.0719632,0.07833650821832286,-0.026,0.552,0.05995,0.08430320000000001,0.010098581840076502,0.065,0.1552,0.0829,0.1527856,0.03828580158560363,0.057,0.4157,0.1447,0.0684824,0.03503545321768615,-0.0087,0.3265,0.061149999999999996,0.0725612,0.010490449594310204,0.0536,0.1183,0.0715,0.1330908,0.07267672074545782,0.0204,1.0162,0.1271,0.0605296,0.07101597311584457,-0.0394,0.9476,0.05505,0.086744,0.01105819509300046,0.0615,0.1417,0.0863,0.5700324000000001,0.23599616622336986,0.2106,1.441,0.50625,0.4832884,0.2377911281523172,0.1256,1.3532,0.42655,0.0843052,0.012757396978642739,0.0296,0.1373,0.0834,0.4929516,0.21650098550430977,0.3033,1.736,0.41275,0.40864639999999997,0.21708100334921157,0.2252,1.6713,0.32585,0.10999039999999999,0.013657052690561423,0.0718,0.1681,0.1089,0.2270476,0.12013985998856616,0.1014,0.8118,0.1921,0.1170572,0.11556262427218714,-0.0014,0.7086,0.0863,0.0884652,0.014848326510440248,0.0246,0.1365,0.08775,0.16163480000000002,0.0501241722078088,0.0788,0.4516,0.15134999999999998,0.0731696,0.05087110923559105,0.0051,0.3859,0.061950000000000005,0.1144756,0.01621356974932,0.0731,0.1682,0.11315,0.123516,0.05803848591572286,0.0069,0.4914,0.11765,0.0090404,0.05440756584081749,-0.118,0.4088,0.0067,0.0806008,0.014090670222144745,0.0415,0.1318,0.078,0.2145488,0.07980727248519466,0.1463,0.7472,0.19335000000000002,0.133948,0.07569162612244659,0.0739,0.6796,0.1158,0.0913672,0.013196128043534799,0.0557,0.1386,0.09175,0.2570564,0.10861043118452467,0.1651,1.2663,0.23015,0.1656892,0.10587972984536993,0.0954,1.1681,0.1387,0.07734919999999999,0.01487706043102175,0.0256,0.1301,0.0776,250,"1,2,3,4,5",v1,2026-07-19 16:39:02
s003,0.142148,0.03003409200776547,0.0372,0.2801,0.13965,0.18215,0.12096903425668891,0.0276,1.0091,0.14775,0.040002,0.13070412168597748,-0.1189,0.8692,0.00155,0.1241356,0.01881449423751949,0.0333,0.1717,0.12530000000000002,0.16036799999999998,0.07647654453133865,0.0011,0.7023,0.14529999999999998,0.0362324,0.08304698161197333,-0.1192,0.6038,0.02025,0.11720399999999999,0.017562011301780204,0.0486,0.1783,0.11674999999999999,0.16469720000000002,0.1237343538125675,0.0243,0.929,0.1369,0.0474932,0.12443985302887252,-0.1164,0.7991,0.020749999999999998,0.1187088,0.03129711360236526,0.032,0.2183,0.1183,0.302152,0.19774547353914557,0.0063,1.2685,0.23925000000000002,0.1834432,0.20227089169792348,-0.0658,1.1634,0.1298,0.09777519999999999,0.019477527596826572,0.0314,0.1557,0.0985,0.4097868,0.16749783702301824,0.2637,1.3781,0.36005,0.3120116,0.1665544965068991,0.1782,1.2722,0.25780000000000003,0.1221016,0.013939098655411729,0.0785,0.1792,0.1217,0.2042608,0.053802236999819446,0.1366,0.6649,0.19075,0.0821592,0.055802044838811876,-0.0014,0.5527,0.06985,0.12338679999999999,0.01558205466136861,0.0809,0.1861,0.12290000000000001,0.1377124,0.049947253767104155,0.0265,0.4181,0.13125,0.014325599999999999,0.04793615383002755,-0.0934,0.3186,0.0092,0.1358336,0.019138195136751246,0.0719,0.2242,0.1373,0.1290664,0.05401953676633851,0.0278,0.4574,0.1256,-0.0067672,0.055519640543724866,-0.1272,0.3677,-0.0111,0.1067708,0.019304407474766153,0.0465,0.1771,0.1054,0.1516064,0.03389471471753572,0.0799,0.3811,0.1456,0.044835599999999996,0.03422597085494955,-0.0201,0.2721,0.0397,0.09866240000000001,0.012333251908989875,0.0394,0.1365,0.099,0.2687928,0.1386436744392186,0.1755,1.4988,0.23175,0.17013040000000001,0.1395184571135352,0.0975,1.4188,0.13040000000000002,0.095356,0.018389369200665716,0.0182,0.161,0.095,250,"1,2,3,4,5",v1,2026-07-19 16:39:02
s004,0.1025412,0.017422134935271616,0.042,0.1425,0.1043,0.2131616,0.11481087489177001,0.1019,1.3518,0.1815,0.11062040000000001,0.1126931795393972,0.0013,1.2349,0.07725,0.1002676,0.02146587724233816,0.051,0.1664,0.0977,0.14949279999999998,0.05721507605405664,0.0631,0.5822,0.13905,0.049225200000000004,0.06521655527000136,-0.0597,0.4795,0.0367,0.10297759999999999,0.011255155812758787,0.0732,0.1452,0.1029,0.1237104,0.1360652951712528,0.0048,1.3492,0.1046,0.020732800000000003,0.1359205787918682,-0.0998,1.2389,0.0014,0.07947159999999999,0.012408302758612787,0.0082,0.1264,0.0784,0.44272160000000005,0.21284593956521128,0.1486,1.335,0.42635,0.36325,0.2128308405441914,0.0713,1.2553,0.35185,0.08245000000000001,0.022268473671958635,0.0423,0.1584,0.0795,0.4577008,0.16160245509686208,0.2841,1.332,0.4018,0.37525080000000005,0.1584565857819443,0.2189,1.2496,0.32084999999999997,0.13259559999999998,0.022354639344909236,0.0557,0.2157,0.13125,0.23047,0.07681042968525655,0.1318,0.6379,0.21189999999999998,0.0978744,0.07938747324529917,-0.0138,0.5278,0.0795,0.0949956,0.01162309796332546,0.0605,0.1301,0.0956,0.1167248,0.053920723685155825,0.018,0.5144,0.10569999999999999,0.021729199999999997,0.05279094622540399,-0.0831,0.4392,0.01055,0.125216,0.017962144038891785,0.0457,0.1642,0.12564999999999998,0.125714,0.039760754449299766,0.0265,0.365,0.1207,0.000498,0.047464197836950967,-0.1088,0.3141,-0.0048,0.0857588,0.011065733794813185,0.0515,0.1286,0.08460000000000001,0.15421680000000001,0.057419714840544804,0.0956,0.8577,0.14455,0.068458,0.055231430905231464,0.0166,0.7877,0.0604,0.0940584,0.01182664736056524,0.0446,0.1259,0.0945,0.2346012,0.07268336594642,0.1744,1.0215,0.2155,0.1405428,0.07248757356572076,0.0857,0.9317,0.1222,0.0751576,0.011607536424555793,0.0386,0.1143,0.07455,250,"1,2,3,4,5",v1,2026-07-19 16:39:02
s005,0.0805996,0.014512322690717653,0.0415,0.1412,0.0789,0.31231240000000005,0.14407065830549365,0.1741,1.2671,0.26125,0.2317128,0.14484039656833406,0.0865,1.204,0.18415,0.1108412,0.016348315271269873,0.0251,0.1533,0.1103,0.23615440000000001,0.06399821659663806,0.1618,0.9537,0.2253,0.12531319999999999,0.06647613112839222,0.0504,0.9286,0.11455,0.0883368,0.01205905839264696,0.0504,0.1301,0.0876,0.2025104,0.08049979403201467,0.1328,0.9812,0.18464999999999998,0.11417360000000001,0.0816808881747257,0.0399,0.9094,0.09570000000000001,0.1128168,0.018108400659854838,0.0512,0.1687,0.1122,0.3652584,0.1608695953131756,0.2151,1.1656,0.3105,0.2524416,0.1612975950412914,0.085,1.0241,0.19669999999999999,0.1074764,0.018197021994763644,0.0383,0.1874,0.10675,0.5601744,0.21454186676502113,0.3648,2.7314,0.4974,0.452698,0.21081014802433057,0.273,2.6108,0.3855,0.1285844,0.01806036610746702,0.066,0.1811,0.128,0.36234320000000003,0.09319821631262815,0.2389,0.9237,0.34750000000000003,0.23375880000000002,0.09270805117989644,0.0953,0.8178,0.21565,0.09401520000000001,0.011580717639428768,0.0642,0.1301,0.0927,0.194094,0.08826969445874026,0.0439,1.3723,0.18045,0.1000788,0.08765996319385835,-0.0396,1.2723,0.088,0.1307644,0.017165868483802756,0.0489,0.184,0.1293,0.2021024,0.07890450276420137,0.1199,1.0232,0.18864999999999998,0.071338,0.07720519857332787,-0.0124,0.8574,0.0568,0.0823484,0.015405726307195286,0.0116,0.1249,0.08405,0.2562308,0.09823212352243493,0.1926,1.0708,0.23925000000000002,0.1738824,0.10268269060576932,0.0992,1.0225,0.15545,0.086022,0.012778346550405066,0.0489,0.1576,0.0855,0.41804840000000004,0.11104220450877533,0.2992,1.316,0.39115,0.3320264,0.11135067126427221,0.2337,1.2339,0.30115000000000003,0.0922548,0.014662670034141815,0.0504,0.142,0.0911,250,"1,2,3,4,5",v1,2026-07-19 16:39:02
s007,0.0946336,0.015922442265897636,0.0478,0.137,0.0949,0.2001864,0.08661718931586221,0.096,0.8027,0.18280000000000002,0.1055528,0.08524306807464829,0.0057,0.7309,0.08810000000000001,0.0706228,0.012578217935212552,0.037,0.1233,0.0686,0.1136068,0.02942009110800327,0.0657,0.2959,0.10865,0.042984,0.029787324869675117,-0.0064,0.2288,0.0386,0.0754548,0.015104229472297068,0.0404,0.1264,0.0751,0.1317092,0.11296183043800068,0.0325,1.0023,0.10695,0.056254399999999996,0.11330708815225182,-0.0539,0.9429,0.036199999999999996,0.08866800000000001,0.0136879955027584,0.0177,0.1305,0.08845,0.2807052,0.14921785135032084,0.1571,1.0464,0.2241,0.1920372,0.14895237162331065,0.0578,0.9545,0.13615,0.0683308,0.009695656469652278,0.0297,0.0948,0.0671,0.32453719999999997,0.09254845911899996,0.2254,0.8111,0.3036,0.2562064,0.0940516005888966,0.1577,0.7535,0.23035,0.08583,0.017084371895162227,0.0399,0.1342,0.08435000000000001,0.1730648,0.058397521892738266,0.0771,0.6236,0.1592,0.0872348,0.0652713928752213,-0.0058,0.5837,0.07105,0.09257000000000001,0.02292585788666058,0.0119,0.1752,0.0884,0.13587639999999998,0.03577798512940155,0.0648,0.378,0.1324,0.043306399999999995,0.040711786959426365,-0.0812,0.2511,0.04495,0.0974048,0.015286786461558387,0.0565,0.1391,0.0956,0.1223468,0.055392757650803405,0.0613,0.6448,0.11065,0.024942,0.057636332841826544,-0.0367,0.5545,0.01105,0.12016840000000001,0.017077256577355628,0.0703,0.1592,0.1235,0.118436,0.03770985809560095,0.0602,0.3942,0.11125,-0.0017324000000000003,0.042492209896019616,-0.0505,0.2971,-0.014950000000000001,0.0947672,0.013701442341921381,0.0565,0.1539,0.0934,0.24549520000000002,0.13588734931469926,0.1646,1.3901,0.20595000000000002,0.150728,0.13684720298148378,0.0669,1.2824,0.11165,0.0824888,0.016619559367633582,0.0246,0.1196,0.0825,250,"1,2,3,4,5",v1,2026-07-19 16:39:02
s008,0.0917628,0.021598747178452615,0.0238,0.1602,0.09015000000000001,0.23422,0.09726177198240138,0.1225,0.7618,0.2018,0.1424572,0.09457329135602528,0.0329,0.6623,0.1142,0.0842976,0.014858340261999845,0.0412,0.1299,0.0838,0.1137836,0.03315760483014853,0.0541,0.3613,0.10905,0.029486000000000002,0.034485105393138975,-0.0193,0.2887,0.0243,0.07779040000000001,0.01209998455971666,0.0235,0.1094,0.0763,0.1219996,0.05834241088153521,0.0177,0.6975,0.11325,0.044209200000000004,0.05634847716554103,-0.0467,0.6252,0.036849999999999994,0.0928956,0.01465626846990213,0.0449,0.1317,0.0928,0.3518704,0.17529529533362956,0.1613,1.728,0.30565,0.2589748,0.1752733941468099,0.0731,1.647,0.20745,0.0917648,0.017044459962747033,0.0154,0.1536,0.09175,0.34936520000000004,0.07665294256174053,0.2629,0.9251,0.33145,0.25760039999999995,0.0757149704274347,0.1763,0.8317,0.2388,0.0950744,0.012423943097437043,0.0349,0.1326,0.0951,0.134656,0.07450647356042052,0.0494,0.6355,0.11865,0.0395816,0.07202001214968075,-0.0396,0.541,0.02365,0.0916884,0.01313485756959298,0.0341,0.1402,0.0913,0.1007076,0.03161432594028591,0.008,0.3883,0.0999,0.0090192,0.0287812472302455,-0.0617,0.2706,0.00765,0.1147932,0.01325407241197997,0.0779,0.1564,0.1142,0.11704,0.03169520886601383,0.0233,0.3305,0.11735,0.0022467999999999998,0.03237004555382376,-0.1092,0.2442,0.00285,0.09513719999999999,0.017884632972084858,0.051,0.1597,0.09495,0.1443716,0.10912218030436122,0.0272,0.7355,0.10345,0.0492344,0.11781536648059042,-0.0597,0.6658,-0.00255,0.0903052,0.018315352618120798,0.0098,0.1375,0.0917,0.2468392,0.09385879498985582,0.1584,0.7839,0.21755000000000002,0.15653399999999998,0.09788161690384378,0.0619,0.6973,0.12695,0.1018052,0.019839191187847157,0.051,0.157,0.1011,250,"1,2,3,4,5",v1,2026-07-19 16:39:02
s010,0.0900628,0.011342446850757063,0.0584,0.1212,0.0891,0.1539808,0.06517253430911747,0.0585,0.62,0.1417,0.063918,0.06313477739301741,-0.022,0.5266,0.050449999999999995,0.06569119999999999,0.008310756720604716,0.0446,0.1064,0.0657,0.162898,0.07630153690546831,0.0745,0.6458,0.14634999999999998,0.0972068,0.07564438356427576,0.0188,0.5816,0.07935,0.07927200000000001,0.010537617450168912,0.0375,0.1243,0.0804,0.12484,0.03919906563922095,0.0597,0.5313,0.11945,0.045568,0.039792266004023184,-0.0267,0.4653,0.0395,0.065944,0.006868213262097689,0.0486,0.0884,0.0652,0.2453552,0.09533333315584015,0.1634,0.7901,0.2151,0.17941120000000002,0.09646579327226087,0.0942,0.7352,0.1475,0.060066800000000004,0.011802462890478605,0.0375,0.1159,0.0594,0.2490684,0.09838465369033458,0.1732,1.1176,0.21835,0.1890016,0.09325887232057883,0.1125,1.0181,0.16425,0.0621644,0.008846221519989357,0.0399,0.0922,0.0608,0.14580520000000002,0.06645286287963521,0.0806,0.8448,0.135,0.0836408,0.06575142931669815,0.0198,0.7943,0.07405,0.0843544,0.008275259531959412,0.0335,0.1043,0.0842,0.1208784,0.054500497892423776,0.0632,0.6329,0.11135,0.036524,0.055100161298315666,-0.015,0.55,0.027549999999999998,0.061775199999999995,0.007531941684729688,0.0417,0.1014,0.062,0.12363679999999999,0.06874899229462281,0.0734,0.7334,0.1111,0.0618616,0.0677865807335803,0.0141,0.669,0.0498,0.0774936,0.010416562684139636,0.0188,0.1056,0.0784,0.2266784,0.06284073396149407,0.1795,0.9666,0.2148,0.1491848,0.06239306553992904,0.1063,0.8853,0.1362,0.0768636,0.009913578121175963,0.0481,0.109,0.0771,0.2338852,0.09901794359394814,0.1139,0.8126,0.21315,0.1570216,0.09750739943830358,0.0395,0.7316,0.13445000000000001,0.0701008,0.012715221855213905,0.0288,0.0998,0.07,250,"1,2,3,4,5",v1,2026-07-19 16:39:02
s011,0.0847448,0.019076207161768693,0.0372,0.1578,0.0837,0.1790072,0.06540540694154233,0.0994,0.5641,0.16449999999999998,0.0942624,0.06584394312024826,0.011,0.5034,0.0791,0.11605639999999999,0.0196127135596452,0.0528,0.1935,0.11685000000000001,0.1532204,0.07144991128848607,0.0164,0.5902,0.13874999999999998,0.037164,0.074511484681206,-0.1578,0.4719,0.020749999999999998,0.0925712,0.018633539808182782,0.0169,0.1375,0.0932,0.1440784,0.08947056331688635,0.0114,0.9899,0.1295,0.051507199999999996,0.09141360630579741,-0.0399,0.8941,0.0354,0.1129352,0.026582396735902115,0.0399,0.2074,0.109,0.2806028,0.1646574244358491,0.0918,1.3035,0.22060000000000002,0.1676676,0.16593380578365396,-0.0441,1.1982,0.11795,0.1008068,0.02254097905386604,0.0061,0.175,0.1036,0.340132,0.10498419357026269,0.2189,0.8068,0.3039,0.2393252,0.10487636000793536,0.1207,0.6938,0.20240000000000002,0.1310436,0.016695385068044438,0.0784,0.2246,0.12865,0.2143492,0.05184736653898741,0.1329,0.5233,0.2074,0.0833056,0.04995150709321526,0.0024,0.4086,0.0763,0.09328600000000001,0.016560775378118574,0.0299,0.1478,0.0936,0.13030920000000001,0.047594538718463204,0.0368,0.4535,0.1226,0.037023200000000006,0.050532519468708674,-0.0805,0.3986,0.029650000000000003,0.12879079999999998,0.020975295168115277,0.075,0.1911,0.12819999999999998,0.108068,0.03747898924114886,0.0056,0.2862,0.1031,-0.0207228,0.032923430703941985,-0.1289,0.1344,-0.026000000000000002,0.1110568,0.029067532049311486,0.0401,0.1934,0.1122,0.1041644,0.05074245599101406,0.0359,0.4539,0.0892,-0.0068924,0.05175794976324678,-0.08,0.3383,-0.0177,0.1072616,0.03261029177974094,0.0125,0.1975,0.10915,0.17977439999999997,0.14579650884918488,0.0083,1.3792,0.14455,0.0725128,0.14552936604578043,-0.0466,1.2649,0.031,0.1247264,0.029536838734191533,0.0238,0.209,0.1254,250,"1,2,3,4,5",v1,2026-07-19 16:39:02
s012,0.1391968,0.029431229311654324,0.0014,0.2974,0.1361,0.19727039999999998,0.15150177542082685,0.0685,1.6049,0.1559,0.058073599999999996,0.1404720376319282,-0.0569,1.3932,0.02225,0.1235416,0.018541799880573757,0.0167,0.2109,0.1225,0.1551424,0.07026240920170125,0.021,0.846,0.14325,0.0316008,0.07068468190764915,-0.0351,0.708,0.021249999999999998,0.1284244,0.019558190506885214,0.0325,0.2077,0.1291,0.1500748,0.1210349564700663,0.0024,1.1521,0.12525,0.0216504,0.12155776594560608,-0.1578,1.0352,-0.0056,0.1294928,0.02431720654798139,0.0655,0.2103,0.127,0.39890159999999997,0.20316076783619222,0.2003,1.3723,0.3239,0.2694088,0.1995121918614636,0.0784,1.2532,0.19724999999999998,0.109314,0.022949369889242118,0.0367,0.195,0.1095,0.3779384,0.11531819418060756,0.2547,0.996,0.3445,0.2686244,0.1083728400221099,0.1706,0.8551,0.23485,0.14048,0.022752335155321553,0.0747,0.2374,0.14215,0.2017736,0.06516922875518927,0.1043,0.5978,0.1925,0.0612936,0.06280790851899241,-0.0399,0.4581,0.0516,0.11929479999999999,0.017481478809456084,0.0222,0.1734,0.1186,0.1564788,0.06465761408214181,0.0405,0.549,0.145,0.037183999999999995,0.06078697598827563,-0.0485,0.3959,0.0245,0.1586096,0.032888471446028376,0.0824,0.2442,0.1587,0.1425148,0.05758170152367369,0.013,0.5747,0.1336,-0.0160948,0.06634821198717852,-0.1945,0.4239,-0.0206,0.1367196,0.028709460956864614,0.0452,0.2291,0.13545000000000001,0.13902119999999998,0.07716325565092885,0.0588,0.503,0.11245,0.0023015999999999996,0.08632393506147633,-0.0948,0.4262,-0.0254,0.14922919999999998,0.021432083523929887,0.0916,0.2148,0.14915,0.3179636,0.10378418368021533,0.2134,1.1932,0.28495,0.1687344,0.10315335260306865,0.0799,1.0879,0.13385000000000002,0.141964,0.023686211399077034,0.0776,0.2428,0.1388,250,"1,2,3,4,5",v1,2026-07-19 16:39:02
s013,0.0775452,0.01153061913648538,0.0502,0.1154,0.0766,0.1379264,0.08126715588441723,0.0641,0.5932,0.1103,0.0603812,0.07916557204840378,-0.0183,0.5166,0.036750000000000005,0.0681396,0.008543246460235202,0.0246,0.1049,0.0681,0.11101760000000001,0.028899044783480148,0.0613,0.3764,0.1067,0.042878,0.030206940145134302,-0.0024,0.3072,0.0395,0.0833192,0.010116876797934151,0.0111,0.1115,0.0839,0.0931548,0.08206666061255559,0.0296,0.5326,0.0734,0.0098356,0.08508493496071483,-0.0576,0.4568,-0.0124,0.058832,0.011550389690743432,0.014,0.0993,0.0579,0.26355880000000004,0.1982145641377173,0.1152,1.4192,0.18535000000000001,0.2047268,0.19739925080565668,0.0549,1.3592,0.1251,0.06774079999999999,0.01177221625959405,0.0164,0.1006,0.0681,0.320544,0.10085858117974082,0.1972,0.854,0.29055,0.2528032,0.09971975706728449,0.1481,0.7814,0.21744999999999998,0.08258599999999999,0.009511008417854436,0.0557,0.1041,0.083,0.1449512,0.06967435339235355,0.0879,0.7925,0.12969999999999998,0.0623652,0.0694166243771597,-0.0019,0.721,0.047,0.0841044,0.009171039882702533,0.0613,0.1114,0.08415,0.102464,0.0627739629599949,0.0465,0.606,0.09305,0.0183596,0.06324004634475489,-0.0356,0.517,0.0101,0.09520959999999999,0.013630231129462558,0.0291,0.1357,0.09570000000000001,0.10273399999999999,0.037980531950315234,0.031,0.5517,0.0983,0.0075244,0.04149154755748284,-0.0602,0.4624,0.0024,0.0563444,0.011201871107329378,0.0272,0.0956,0.0555,0.1442516,0.04228387923562418,0.1039,0.5347,0.13765,0.0879072,0.040985728098829305,0.0523,0.48,0.08245,0.07193600000000001,0.009971311458822027,0.0328,0.0974,0.0715,0.2419092,0.09017019536347666,0.1434,0.7546,0.2076,0.1699732,0.09120419278127256,0.064,0.6836,0.1363,0.0851484,0.016248759527568244,0.0486,0.1241,0.08565,250,"1,2,3,4,5",v1,2026-07-19 16:39:02
s015,0.0810184,0.017513808133623184,0.0246,0.1285,0.0816,0.19191480000000002,0.09840551612269247,0.0482,0.837,0.16225,0.1108964,0.0952640310373118,-0.0012,0.7483,0.08505,0.0733936,0.01397043489820485,0.018,0.1146,0.0737,0.1122664,0.06290864089644402,0.0378,0.6035,0.1022,0.0388728,0.06442498003390824,-0.027,0.523,0.0264,0.06707880000000001,0.014566890118032862,0.0138,0.109,0.0676,0.0808116,0.11435021693855932,0.0045,1.4169,0.0581,0.013732800000000002,0.1151201103342656,-0.0772,1.3688,-0.00785,0.0808256,0.01512465422088071,0.032,0.127,0.0808,0.4424548,0.2208376106510671,0.1428,1.377,0.38745,0.36162920000000004,0.22076962075692533,0.0747,1.3308,0.3077,0.06044,0.01329264675793821,0.0061,0.0985,0.06075,0.30634320000000004,0.13776562854133664,0.1754,1.539,0.26770000000000005,0.2459032,0.1384213530989166,0.1172,1.4804,0.20379999999999998,0.0682136,0.010574147028556299,0.0164,0.0956,0.0695,0.1970928,0.09650391895490365,0.1012,0.7281,0.17015000000000002,0.1288792,0.09649063362247898,0.0267,0.6563,0.1,0.0881128,0.012008788455154119,0.0357,0.146,0.08775,0.1389332,0.06091001442446684,0.0521,0.7176,0.1248,0.0508204,0.061164258598954996,-0.0142,0.6408,0.0372,0.0809144,0.0170550335478201,0.0238,0.122,0.082,0.0998788,0.06454165672160485,0.0011,0.6482,0.0893,0.018964400000000003,0.06785462469877825,-0.1003,0.6244,0.00745,0.0771592,0.015097036045177797,0.0322,0.1246,0.0781,0.1421208,0.07465653487914262,0.0552,0.7363,0.12665,0.06496160000000001,0.07369302853907586,-0.0125,0.6357,0.05055,0.0758744,0.014140283416551516,0.0227,0.1109,0.07725,0.2071388,0.07012251910264779,0.1202,0.8552,0.1963,0.1312644,0.06890130107479246,0.0722,0.7575,0.1184,0.0715116,0.012031544276221683,0.027,0.1138,0.071,250,"1,2,3,4,5",v1,2026-07-19 16:39:02
s016,0.1016832,0.020469778824905808,0.0602,0.1716,0.09515,0.4740544,0.19689534679876017,0.2308,1.6759,0.40255,0.3723712,0.20065478929852082,0.1184,1.5415,0.3104,0.06465080000000001,0.010107749788312552,0.0275,0.095,0.0642,0.2621848,0.0881436765731913,0.1223,0.9535,0.24955,0.197534,0.08734037605344179,0.0826,0.8901,0.18380000000000002,0.08231999999999999,0.015501607637836461,0.0351,0.1415,0.0833,0.3880952,0.3028375435909372,0.126,2.6547,0.30110000000000003,0.30577519999999997,0.30399394814204433,0.0425,2.5855,0.2172,0.08747920000000001,0.013864329985389676,0.0483,0.1489,0.08675,0.6894964,0.19657954302006062,0.3173,1.7084,0.6869000000000001,0.6020172,0.19978825594366661,0.2111,1.6371,0.60255,0.06777240000000001,0.010471376084757622,0.033,0.1098,0.0676,0.951252,0.269441671449041,0.6029,3.1315,0.89445,0.8834796,0.26769549344860244,0.5358,3.0552,0.82765,0.1056492,0.018497956561409453,0.0404,0.1555,0.1043,0.3300788,0.107388003444029,0.1638,0.8316,0.30305,0.2244296,0.10905608889898709,0.065,0.7289,0.19674999999999998,0.09715,0.018591554091418407,0.0475,0.1702,0.0979,0.3827508,0.153110907184811,0.1698,1.0625,0.3318,0.2856008,0.1575319015290472,0.0637,0.9725,0.231,0.11503440000000001,0.01749593919150304,0.0367,0.1594,0.1159,0.348882,0.1691891433304262,0.1996,2.0394,0.31410000000000005,0.2338476,0.17366191550777998,0.085,1.9668,0.1935,0.10089440000000001,0.013617186188002083,0.0605,0.138,0.1008,0.33120479999999997,0.10390177424725194,0.1947,1.3854,0.3146,0.23031040000000003,0.10397718573057167,0.0844,1.2819,0.2156,0.0981944,0.018581985074724094,0.0613,0.1795,0.09820000000000001,0.4363052,0.2312426435017006,0.2603,2.3042,0.35565,0.3381108,0.230332430102205,0.1656,2.1883,0.25715,0.0929528,0.01951337745647934,0.0357,0.1723,0.0913,250,"1,2,3,4,5",v1,2026-07-19 16:39:02
s017,0.06901120000000001,0.009158740342352468,0.0444,0.0971,0.0689,0.2097376,0.09866770133832836,0.0802,0.8412,0.18719999999999998,0.1407264,0.0996082391585811,0.0063,0.7757,0.12015,0.051258000000000005,0.006752423036767605,0.0119,0.0766,0.052,0.111046,0.02940219652751423,0.0372,0.4081,0.10865,0.059787999999999994,0.028953121229250277,-0.0206,0.355,0.0577,0.0473296,0.008032629481405335,0.009,0.0668,0.0483,0.10445,0.04775565842543256,0.0547,0.48,0.09615,0.0571204,0.050620802506733356,-0.0035,0.461,0.04965,0.0614464,0.0051583993034170945,0.0436,0.0747,0.0619,0.3069384,0.1860506878224233,0.175,1.3572,0.24159999999999998,0.245492,0.18677371705228252,0.1114,1.3012,0.17930000000000001,0.055653999999999995,0.007540743680900718,0.0085,0.0998,0.05585,0.38896,0.06967580808954948,0.3038,0.9593,0.38045,0.333306,0.0687632157724862,0.2476,0.8978,0.32384999999999997,0.0559904,0.00748668348190525,0.038,0.1011,0.0555,0.196108,0.043690881296143874,0.1418,0.4309,0.1864,0.1401176,0.041594687187776695,0.0921,0.3879,0.1302,0.0645012,0.006683501727490276,0.0441,0.0853,0.0643,0.12362479999999999,0.023851360854644624,0.0719,0.216,0.12029999999999999,0.059123600000000005,0.023031407816807393,0.0054,0.1529,0.05685,0.07053279999999999,0.011335070332280747,0.0138,0.1027,0.0722,0.0840868,0.02937604455563988,0.0043,0.3275,0.0815,0.013554,0.029083603421031032,-0.0771,0.2647,0.0117,0.0540672,0.00934854992513872,0.0037,0.0771,0.0547,0.17178960000000001,0.0334750169361496,0.1333,0.3882,0.16485,0.1177224,0.0336126419227664,0.0784,0.3262,0.1092,0.0679932,0.006681256657402733,0.0444,0.0884,0.0676,0.2133548,0.08535049210737967,0.1566,0.6283,0.1881,0.1453616,0.0858541508975855,0.0933,0.5612,0.1185,0.0605872,0.007261816029630109,0.0408,0.0829,0.0605,250,"1,2,3,4,5",v1,2026-07-19 16:39:02
s018,0.0889104,0.015676126293900843,0.0436,0.1655,0.0884,0.1673076,0.06429403013877681,0.1016,0.6254,0.14825,0.0783972,0.060106198787569017,0.0139,0.4599,0.058899999999999994,0.0909244,0.013302848859968476,0.0396,0.1383,0.0908,0.14431360000000001,0.07799839957579609,0.0787,1.0696,0.13125,0.053389200000000005,0.07600285824365302,-0.0349,0.978,0.04145,0.0728124,0.016687324333566924,0.0227,0.1523,0.0721,0.1226708,0.13681984485866297,0.0251,1.292,0.0924,0.0498584,0.1321191115166606,-0.0391,1.1397,0.020749999999999998,0.08090080000000001,0.019356447183049904,0.0182,0.1457,0.0808,0.35930399999999996,0.20859968094790135,0.185,1.4955,0.2906,0.2784032,0.21138711531178836,0.0982,1.4305,0.20834999999999998,0.1066592,0.021407910920027654,0.0256,0.1766,0.1093,0.4245464,0.19826092622225397,0.2743,2.9113,0.3742,0.3178872,0.20198954542749986,0.159,2.8363,0.2707,0.118282,0.021877059650598003,0.0499,0.2157,0.1183,0.2521112,0.10789236359934012,0.1308,0.8026,0.21710000000000002,0.13382919999999998,0.11142510220306674,0.0143,0.7165,0.0937,0.08433360000000001,0.0164776150650794,0.0349,0.1386,0.0839,0.1768616,0.09617598226009855,0.0666,0.7102,0.15134999999999998,0.092528,0.09820829032804015,-0.0147,0.6479,0.064,0.111552,0.02301077659179346,0.0306,0.1818,0.11315,0.1412932,0.07825918934301902,0.0449,0.7313,0.124,0.0297412,0.07969874668684455,-0.0533,0.6268,0.01185,0.119176,0.02751562068218896,0.0412,0.2349,0.12145,0.0942148,0.11891505582966302,0.0074,0.7764,0.05875,-0.024961200000000003,0.12742822617404456,-0.1627,0.6531,-0.06484999999999999,0.1174784,0.020284906783440023,0.0272,0.1914,0.1187,0.31440039999999997,0.10064566956929752,0.1881,1.0117,0.2859,0.19692199999999999,0.0997747501076106,0.0741,0.8905,0.1664,0.0762752,0.01750679113668792,0.0111,0.1723,0.0776,250,"1,2,3,4,5",v1,2026-07-19 16:39:02
s019,0.078698,0.008953451467042782,0.0512,0.1117,0.0797,0.31920119999999996,0.11418734077705343,0.1923,1.0293,0.278,0.2405032,0.11653816648097308,0.0999,0.943,0.19995,0.0912544,0.01093094060408161,0.0591,0.1262,0.0921,0.2810448,0.08799353979208109,0.1346,1.1733,0.262,0.1897904,0.08647127333565267,0.0586,1.0772,0.175,0.0599884,0.007298791328667902,0.0151,0.0855,0.0605,0.10140560000000001,0.059692726987976064,0.0378,0.6004,0.0883,0.0414172,0.05861929161597088,-0.0238,0.532,0.02895,0.0963968,0.013458595951284062,0.0101,0.1499,0.0956,0.3876536,0.14652410689934472,0.2529,1.7158,0.34075,0.2912568,0.14899024945104938,0.1565,1.7057,0.24855,0.0748052,0.011762690871827962,0.0423,0.1117,0.0738,0.4981608,0.21610588970600159,0.315,1.9195,0.428,0.4233556,0.21382297389499844,0.2516,1.8738,0.3505,0.1120916,0.016297036017996883,0.065,0.1882,0.1113,0.2800012,0.09892821602690033,0.1957,1.5826,0.2648,0.16790960000000002,0.09766285867050369,0.0676,1.4535,0.1531,0.0718008,0.011338787933779732,0.0438,0.1132,0.0705,0.1126584,0.04967849192234716,0.0545,0.6396,0.1041,0.0408576,0.05110740209043829,-0.0353,0.5746,0.0349,0.1126644,0.010831523449679822,0.085,0.1541,0.1127,0.18317760000000002,0.04452287957288755,0.1085,0.5379,0.1764,0.0705132,0.04201395763678091,-0.0042,0.3917,0.0642,0.07058400000000001,0.012174477220083385,0.0346,0.1132,0.06905,0.3005088,0.14099720155359036,0.2,1.21,0.2676,0.2299248,0.14070180673550192,0.1312,1.145,0.19645,0.0728688,0.010740636463756987,0.0415,0.1074,0.0723,0.5627452,0.20457715838257107,0.2784,2.5294,0.52495,0.4898764,0.20442951368946025,0.21,2.4513,0.4592,0.1013308,0.020664753069846997,0.0452,0.1816,0.09965,250,"1,2,3,4,5",v1,2026-07-19 16:39:02
s020,0.1096516,0.019804731936289212,0.0394,0.1497,0.1131,0.22706880000000002,0.17238851465949234,0.0699,1.9954,0.1933,0.11741720000000001,0.17387289772247327,-0.04,1.8943,0.07115,0.0921848,0.0136920230404334,0.0409,0.132,0.09175,0.15543600000000002,0.09747312998089823,0.0703,0.6083,0.12095,0.06325120000000001,0.09431497354875316,-0.0227,0.5138,0.03,0.112006,0.018151816376082163,0.0533,0.161,0.11245,0.156162,0.14964994587772096,0.0489,1.0175,0.1085,0.044156,0.14401170211264616,-0.0657,0.8861,-0.0011,0.09605240000000001,0.016756990216757243,0.0525,0.147,0.09535,0.3568612,0.23771629232576474,0.1613,1.662,0.26355,0.2608088,0.23423705821308743,0.0623,1.5717,0.1726,0.0722916,0.017050999848199317,0.005,0.1217,0.0715,0.43025040000000003,0.20145327843798844,0.2226,1.9892,0.37115,0.3579588,0.20438532969501047,0.154,1.9177,0.29164999999999996,0.0987636,0.016126251236906336,0.0468,0.1589,0.099,0.1778168,0.14612887266885316,0.0505,0.982,0.1232,0.0790532,0.14275587585147065,-0.0394,0.8558,0.029699999999999997,0.0992716,0.02026784585847672,0.0573,0.1684,0.0956,0.169732,0.1288801271129829,0.0149,0.9538,0.12555,0.07046039999999999,0.11846915003442678,-0.0857,0.7854,0.03425,0.1309716,0.02236184971622258,0.046,0.2549,0.1303,0.1829152,0.2143070936073788,0.0201,1.75,0.0956,0.0519436,0.2050212271776111,-0.1003,1.5968,-0.0215,0.1146804,0.024635131309138057,0.0585,0.199,0.11075,0.1487512,0.1563872151514031,0.0203,1.2366,0.08515,0.0340708,0.14674230912901048,-0.0982,1.1381,-0.025,0.1366048,0.024339702162628485,0.0399,0.1961,0.13455,0.2491564,0.17549312913196954,0.0097,1.4008,0.1902,0.11255159999999999,0.1832699580606439,-0.0395,1.2971,0.0635,0.1028432,0.01969292102033755,0.0173,0.1384,0.1059,250,"1,2,3,4,5",v1,2026-07-19 16:39:02
s021,0.10143200000000001,0.015773347455750774,0.0655,0.1533,0.0995,0.2543552,0.09130359829275529,0.1348,0.694,0.23020000000000002,0.1529232,0.0955197535330786,0.0208,0.6098,0.1274,0.0822864,0.012978832590864518,0.043,0.1156,0.0829,0.2138004,0.16290070829462824,0.1051,1.4261,0.18135,0.13151400000000002,0.16428805832571566,0.0372,1.34,0.09755,0.0952868,0.014775015060573047,0.0502,0.1351,0.0958,0.1718828,0.13486926670135885,0.043,1.5942,0.1444,0.076596,0.13395130380539289,-0.0417,1.4725,0.0486,0.074092,0.01269478974804183,0.0309,0.1214,0.0738,0.26586000000000004,0.13281740674375686,0.1641,1.0416,0.2234,0.191768,0.1292783582493473,0.0897,0.9202,0.1517,0.0741088,0.0164002572024106,0.0238,0.1272,0.07455,0.3235948,0.10325980769156014,0.2189,0.9739,0.29435,0.24948599999999999,0.10093580012556473,0.1619,0.9142,0.22085,0.0800476,0.015243227946630326,0.0401,0.1165,0.0795,0.20872,0.06595839810914526,0.1136,0.6894,0.20079999999999998,0.12867240000000002,0.06615952546291358,0.0246,0.6041,0.1228,0.0824016,0.013684588018531936,0.043,0.1272,0.0813,0.13751480000000002,0.07061991354935854,0.0604,0.6516,0.1247,0.0551132,0.069371927196032,-0.0063,0.5677,0.04165,0.06364159999999999,0.01459819917374968,0.0254,0.1388,0.0634,0.1794136,0.09612973441341428,0.0772,1.128,0.1628,0.115772,0.09355644354353182,0.008,1.0477,0.1013,0.0778528,0.014893162097723784,0.0211,0.113,0.0789,0.23007319999999998,0.10571852471364952,0.1362,1.1577,0.2032,0.1522204,0.10708621279943982,0.0536,1.1268,0.12785000000000002,0.09635479999999999,0.014174098108477832,0.0394,0.1499,0.097,0.3482328,0.13590007507644405,0.2227,1.5779,0.318,0.251878,0.13569337287342764,0.1398,1.4887,0.21985,0.08640519999999999,0.017993508784936146,0.0335,0.1644,0.0854,250,"1,2,3,4,5",v1,2026-07-19 16:39:02
s022,0.053338,0.008960746392104535,0.0328,0.0985,0.0536,0.5458656,0.16945126870727767,0.3845,1.8712,0.4945,0.4925276,0.16821896874019904,0.333,1.8181,0.44165,0.051497999999999995,0.0060041381312220974,0.0304,0.0713,0.0518,0.3899044,0.23896853202426324,0.251,2.2892,0.32755,0.3384064,0.23821172983706707,0.1895,2.239,0.2753,0.045016,0.00862419218031765,0.0116,0.0758,0.0452,0.2912112,0.11209870952544045,0.1281,1.0476,0.2771,0.2461952,0.11034528819786502,0.0821,1.0075,0.23320000000000002,0.0899292,0.018061374264470718,0.0304,0.1449,0.09040000000000001,0.8535552,0.4910959853432332,0.255,3.8287,0.8607,0.763626,0.49158087390209326,0.1499,3.7458,0.7699,0.055195999999999995,0.0075722161770069305,0.0388,0.0837,0.0544,0.8113076,0.3631029501835092,0.481,2.7248,0.64165,0.7561116,0.3632430921592945,0.4292,2.6635,0.5932999999999999,0.0542164,0.00778326460243296,0.0391,0.0929,0.05295,0.50244,0.21543576778279092,0.3281,1.8238,0.42384999999999995,0.4482236,0.21311208554905633,0.2806,1.7736,0.37215,0.0490672,0.008323260829949606,0.0116,0.0818,0.0489,0.3653584,0.2064328254788485,0.1722,2.8567,0.34065,0.3162912,0.205835530131262,0.1276,2.8152,0.2934,0.0910976,0.016759604158996855,0.0375,0.1341,0.09015000000000001,0.2300884,0.0865373461260406,0.1173,0.8757,0.21255000000000002,0.1389908,0.088590382881645,0.0257,0.8102,0.12065,0.053162,0.00656605882657596,0.0383,0.07,0.0533,0.4371248,0.36337431355555105,0.2568,4.0252,0.34714999999999996,0.3839628,0.3635671389361486,0.2093,3.9782,0.29435,0.0496772,0.00826003589167305,0.0262,0.0937,0.04925,0.7112568,0.34638745533088006,0.3026,2.4503,0.6489499999999999,0.6615796,0.3450357758411165,0.258,2.4004,0.6025,0.0588384,0.013788958879768694,0.0198,0.1088,0.0578,250,"1,2,3,4,5",v1,2026-07-19 16:39:02
s024,0.0718468,0.012815537513778666,0.0301,0.1183,0.07089999999999999,0.2257052,0.11145471757281948,0.1068,1.0478,0.20605,0.15385839999999998,0.11073526423148891,0.0374,0.9594,0.13145,0.0531004,0.00685109259307415,0.0343,0.0916,0.0536,0.17621360000000003,0.10646078512823622,0.0943,1.258,0.15365,0.1231132,0.10579936924144467,0.0486,1.2041,0.1002,0.0474728,0.008484414021318182,0.0087,0.0686,0.0478,0.1384884,0.16287735396666025,0.0634,1.8957,0.1002,0.0910156,0.16326236171159159,0.0211,1.8614,0.0525,0.0583496,0.008842464393266438,0.0021,0.085,0.059,0.6386056,0.19733948397719475,0.3632,1.5915,0.5881,0.580256,0.19891647412598804,0.3,1.5347,0.5275000000000001,0.04877599999999999,0.006681081604472622,0.0314,0.0855,0.0489,0.4635388,0.15841508555654515,0.2804,2.0146,0.4165,0.4147628,0.15842772494828408,0.2368,1.9795,0.3693,0.052021200000000004,0.005756455304324242,0.0322,0.0702,0.0518,0.2863152,0.07807474747788133,0.1977,1.1612,0.2704,0.234294,0.07787693723698724,0.1499,1.1155,0.21894999999999998,0.0441644,0.007348598522232916,0.0193,0.0697,0.0444,0.14078800000000002,0.04796505605552481,0.0685,0.4355,0.1298,0.09662359999999999,0.04582330963454576,0.0252,0.3856,0.0852,0.07834999999999999,0.007987280299723147,0.0473,0.0982,0.0792,0.13279,0.09044090451137331,0.0557,1.1915,0.1157,0.054439999999999995,0.09114499459740312,-0.015,1.1305,0.0367,0.056974,0.008738825566925835,0.0386,0.1349,0.05715,0.2581932,0.09773416034403024,0.1822,0.9358,0.2303,0.2012192,0.09778307168314551,0.1193,0.8782,0.1744,0.07116800000000001,0.010647450813943289,0.0438,0.1082,0.0692,0.330478,0.22477753508104062,0.1854,2.3007,0.2638,0.25931,0.22445518067652193,0.1121,2.2255,0.1949,0.069554,0.014128532326565673,0.0085,0.108,0.0721,250,"1,2,3,4,5",v1,2026-07-19 16:39:02
s025,0.10802039999999999,0.020099965629653528,0.0742,0.2428,0.1048,0.21873160000000003,0.13260898375195743,0.0937,1.147,0.18005,0.11071120000000001,0.1335201708306072,-0.003,1.0528,0.07250000000000001,0.07185720000000001,0.006554587602171329,0.0536,0.0937,0.07114999999999999,0.14290199999999997,0.06923247807265259,0.0626,1.096,0.1352,0.07104479999999999,0.06848042543406489,-0.0037,1.0168,0.0631,0.0650632,0.008974958791058864,0.0277,0.0979,0.06455,0.1277124,0.04480349471631852,0.0772,0.6315,0.12240000000000001,0.0626492,0.0435650510622474,0.0196,0.5576,0.0573,0.0762392,0.010242104577904832,0.0267,0.1262,0.0743,0.6669276,0.21147744797554405,0.4384,1.7909,0.60225,0.5906884,0.21219457007122228,0.3452,1.7172,0.53105,0.073768,0.007058932647396629,0.0623,0.1159,0.0726,0.46766680000000005,0.22236635257337653,0.2865,1.6312,0.3981,0.3938988,0.22180078157071845,0.2136,1.5618,0.3257,0.0838424,0.013649480411429875,0.0578,0.161,0.0813,0.20089279999999998,0.1102465875591337,0.1197,1.1812,0.1668,0.1170504,0.10567284067757178,0.0357,1.0967,0.08460000000000001,0.0780688,0.010388435151628878,0.0428,0.1059,0.0774,0.1262248,0.06275431492036622,0.0674,0.8622,0.1165,0.048156,0.0652466003668984,-0.0113,0.8155,0.0389,0.06524920000000001,0.009362457036861015,0.0219,0.0956,0.06534999999999999,0.1128904,0.05210526174048237,0.0067,0.6638,0.1041,0.047641199999999995,0.04980705606533657,-0.0628,0.593,0.03725,0.0741428,0.007671752819616978,0.0383,0.0969,0.0742,0.19422040000000002,0.07359006136951834,0.1412,0.7774,0.1749,0.1200776,0.07589751001413278,0.0705,0.7222,0.0996,0.0893132,0.008596867469091555,0.0417,0.1275,0.0895,0.5664876000000001,0.12241884044633371,0.3493,1.2843,0.53625,0.4771744,0.12257970828883835,0.2487,1.1961,0.44715000000000005,0.0859208,0.01634582980358817,0.0029,0.1468,0.0869,250,"1,2,3,4,5",v1,2026-07-19 16:39:02
s026,0.0823676,0.008914301392552818,0.0665,0.132,0.0813,0.280874,0.19470253906632934,0.1277,1.9228,0.23285,0.19850639999999997,0.1927844930540015,0.0548,1.8167,0.14875,0.078524,0.007599269675330229,0.0518,0.1146,0.0784,0.14052959999999998,0.06334044816176575,0.0805,0.6933,0.1252,0.0620056,0.06448988065944823,-0.0016,0.6162,0.04685,0.0800964,0.009408576528314817,0.0467,0.1154,0.0805,0.16406,0.10342162933185023,0.0864,1.0542,0.13955,0.0839636,0.10209639351768146,0.004,0.9526,0.05915,0.0862192,0.00971073348099698,0.065,0.1264,0.0858,0.2561856,0.11200822273602021,0.1151,0.7144,0.2126,0.1699664,0.11274486101717957,0.0501,0.6307,0.1277,0.07265959999999999,0.006547994561015173,0.0396,0.0892,0.07300000000000001,0.37854160000000003,0.1304807639019397,0.2703,1.6732,0.3412,0.305882,0.13219948217883992,0.1922,1.6109,0.2675,0.082398,0.00807119151861238,0.0573,0.114,0.0819,0.2006724,0.05791190857552045,0.1273,0.6724,0.1879,0.1182744,0.05879116932842903,0.0547,0.6151,0.1052,0.0857888,0.0087502859712305,0.0686,0.1523,0.08485000000000001,0.16943360000000002,0.0787226629483959,0.0997,0.6718,0.14484999999999998,0.0836448,0.07548469613346434,0.0146,0.5999,0.060649999999999996,0.0884236,0.007242930567998803,0.0655,0.1103,0.0886,0.11750239999999999,0.04350564467646537,0.0626,0.2907,0.10414999999999999,0.029078800000000002,0.045201578749483766,-0.0351,0.2199,0.0159,0.0749528,0.011106701012882204,0.0415,0.1219,0.0742,0.17889760000000002,0.07571724664830332,0.117,0.8167,0.16015,0.1039448,0.0763237292034271,0.023,0.7478,0.08935,0.1059336,0.010885157677805256,0.0797,0.1394,0.1059,0.3191192,0.18269052384118198,0.1881,1.6598,0.25615,0.2131856,0.18092264303755565,0.0949,1.5386,0.14725,0.094526,0.011598649866034387,0.0312,0.1249,0.0942,250,"1,2,3,4,5",v1,2026-07-19 16:39:02
s027,0.0985736,0.017272796561187662,0.0584,0.1541,0.09570000000000001,0.29299200000000003,0.13811102489224797,0.1377,1.2024,0.25470000000000004,0.1944184,0.13776817346513556,-0.0022,1.114,0.15525,0.08974760000000001,0.013532080514547965,0.0254,0.1373,0.0911,0.2419956,0.11109110457052263,0.1328,0.7944,0.2042,0.152248,0.11630936699769978,0.0428,0.7064,0.1127,0.108964,0.01373324989252149,0.0594,0.1592,0.10865,0.11434040000000001,0.07615165807749565,0.0423,1.2094,0.10695,0.0053764,0.07757219492020936,-0.0866,1.1128,-0.0021,0.08706799999999999,0.011363671418711894,0.0481,0.127,0.0855,0.6440779999999999,0.19421829920732986,0.3006,1.7228,0.59785,0.55701,0.19275143351083532,0.2159,1.6331,0.5136499999999999,0.06425,0.009916969554282309,0.0198,0.0927,0.065,0.4367668,0.13561107000163353,0.3091,1.1224,0.38615,0.3725168,0.13366548501876316,0.241,1.0509,0.3228,0.1074972,0.014831921512163284,0.0676,0.1636,0.10835,0.22799,0.08590706206856927,0.1431,1.1063,0.21000000000000002,0.1204928,0.08689787495010087,0.0198,1.0311,0.1037,0.1227356,0.016068149687425443,0.0784,0.1811,0.1231,0.09892440000000001,0.03562651990191135,0.0384,0.3991,0.0947,-0.0238112,0.03597928390115846,-0.0725,0.3009,-0.0278,0.11403,0.01055666009157994,0.0518,0.141,0.1144,0.1923312,0.11338785760197721,0.0917,1.3549,0.1648,0.07830119999999999,0.11748268862716865,-0.0301,1.3031,0.05115,0.1024876,0.023683372538114512,0.0333,0.1628,0.1016,0.1794056,0.05705627927457793,0.1283,0.5483,0.1642,0.07691799999999999,0.06426785092603145,0.0013,0.5035,0.06295,0.1121944,0.014637174459047017,0.0628,0.165,0.1114,0.32474200000000003,0.09015744214147814,0.2411,1.378,0.30685,0.21254759999999998,0.08795457534167365,0.1543,1.2481,0.1946,0.0840892,0.02017672730297546,0.0122,0.1322,0.0862,250,"1,2,3,4,5",v1,2026-07-19 16:39:02
s028,0.07032680000000001,0.009678322243332422,0.0496,0.1111,0.07,0.1752328,0.07059052495209288,0.096,0.5505,0.1596,0.104906,0.07253437077534414,0.0274,0.4849,0.08765,0.0509344,0.007404829684104984,0.0306,0.0929,0.0512,0.1234324,0.07586406590886692,0.0668,0.7382,0.1101,0.072498,0.0740800698094426,0.0106,0.6793,0.0591,0.0618468,0.007852255818921284,0.043,0.0872,0.06075,0.1006968,0.1100943381055155,0.0438,0.8155,0.0766,0.03885,0.11150506723947716,-0.0219,0.7677,0.0124,0.057398,0.007385927409254652,0.0433,0.0893,0.0568,0.4895296,0.12710632776566363,0.3405,1.2706,0.4588,0.4321316,0.1270795908518922,0.2808,1.2228,0.40295000000000003,0.0518948,0.004967445522608207,0.038,0.0642,0.0519,0.4101932,0.06463537204221959,0.3134,0.695,0.39415,0.3582984,0.06411369479981273,0.2603,0.649,0.34185,0.062638,0.006866064913002085,0.0452,0.0863,0.06215,0.29069439999999996,0.10216742838267648,0.1164,0.6922,0.2811,0.2280564,0.10201174502739442,0.0533,0.6331,0.21915,0.0572032,0.008135552755316515,0.0188,0.0839,0.056650000000000006,0.0968496,0.09069890088820988,0.0392,0.6419,0.06905,0.0396464,0.09035048493256799,-0.0311,0.5743,0.0136,0.0688048,0.008564589056271825,0.0436,0.1014,0.0681,0.12119440000000001,0.04168108756838685,0.0523,0.3674,0.1112,0.0523896,0.041625625070261206,-0.0114,0.2977,0.0436,0.0616752,0.004394248815281452,0.0491,0.075,0.062,0.2168656,0.07008383058794317,0.123,0.9397,0.2059,0.1551904,0.07059618682490484,0.0644,0.8777,0.1442,0.055796399999999996,0.0071307937790738695,0.032,0.0805,0.056,0.2514404,0.06936654581680007,0.1654,0.6897,0.2324,0.195644,0.06881136650759502,0.1144,0.6364,0.177,0.0564568,0.006697123233030256,0.033,0.0792,0.0562,250,"1,2,3,4,5",v1,2026-07-19 16:39:02
s029,0.0868516,0.010209512919636518,0.0523,0.1161,0.0874,0.1785188,0.0596401640106133,0.1087,0.5217,0.16635,0.09166719999999999,0.05962585727335355,0.02,0.4343,0.0795,0.0650388,0.007716933250662516,0.0444,0.0866,0.0647,0.1457764,0.06354300857525697,0.0959,0.5933,0.13319999999999999,0.0807376,0.06317144856575305,0.0296,0.5312,0.0692,0.0546004,0.007803230193053584,0.0293,0.0921,0.054000000000000006,0.08804640000000001,0.045474463541393305,0.0317,0.4468,0.08,0.033446,0.044019485508325414,-0.0291,0.3919,0.02525,0.07352760000000001,0.011455438293929409,0.0446,0.1024,0.0718,0.3539176,0.16234320260475296,0.1856,1.1308,0.30705,0.28039,0.16617453138046778,0.0982,1.0761,0.23145,0.0738292,0.013215482711319056,0.0119,0.1167,0.07325000000000001,0.3546436,0.1226726177417538,0.2385,1.4399,0.32484999999999997,0.28081439999999996,0.12367338621738268,0.168,1.3995,0.2501,0.08057840000000001,0.013762404898649702,0.0452,0.1502,0.0804,0.1839564,0.0694132388666589,0.0925,0.6653,0.1663,0.103378,0.06778272543554059,0.0246,0.5872,0.0912,0.0797136,0.010945636705626873,0.0465,0.1117,0.0797,0.1516268,0.09798028632225547,0.0806,1.3808,0.136,0.0719132,0.09698079854748376,-0.0023,1.3145,0.0597,0.0803176,0.011628659127017594,0.028,0.147,0.08065,0.1094972,0.04169193425216377,0.0518,0.6574,0.10615,0.0291796,0.040356547766508995,-0.0206,0.5753,0.0249,0.1051608,0.017105230163778084,0.0525,0.1444,0.1075,0.09755559999999999,0.03811644582604258,0.0493,0.4653,0.09104999999999999,-0.0076052,0.04135836251060034,-0.0534,0.3539,-0.0177,0.0938264,0.011596600692897991,0.051,0.1367,0.0944,0.24635759999999998,0.051933730191141274,0.171,0.728,0.2351,0.1525312,0.05121006335590365,0.0954,0.6095,0.14200000000000002,0.0718652,0.012790641539970393,0.0082,0.1124,0.0731,250,"1,2,3,4,5",v1,2026-07-19 16:39:02
s030,0.12454559999999999,0.028113630600514184,0.0681,0.1948,0.12435,0.28354599999999996,0.2437475311871678,0.105,3.816,0.25065,0.15900040000000001,0.25019435698052744,-0.0168,3.7051,0.11985,0.11407439999999999,0.01966808477903993,0.0636,0.1718,0.11255,0.2506564,0.2705985625743589,0.1196,4.0105,0.19924999999999998,0.13658199999999998,0.26974965360213904,0.0148,3.9165,0.08395,0.1119568,0.027302549525683662,0.0114,0.2441,0.1124,0.274938,0.1060398759768643,0.0906,0.9699,0.25534999999999997,0.1629812,0.09837851092697446,0.0481,0.8508,0.1433,0.136578,0.026503209550276425,0.0584,0.2085,0.1396,0.5368028,0.20928255499074402,0.2565,1.5895,0.48395,0.4002248,0.21515577457808832,0.1298,1.4319,0.34095,0.0852392,0.012593776087598919,0.0631,0.1563,0.0842,0.4637452,0.11982835145410638,0.3231,1.3894,0.43185,0.378506,0.11693860437328252,0.2518,1.2514,0.3467,0.0970968,0.013604673399727497,0.0629,0.1705,0.09695000000000001,0.27654680000000004,0.2128394417433161,0.1516,2.8114,0.23535,0.17945,0.21414764550726492,0.0594,2.7478,0.13924999999999998,0.127112,0.02272882076071459,0.0636,0.2468,0.125,0.1875864,0.08995097044153272,0.0946,0.9048,0.1644,0.060474400000000005,0.0832634396730326,-0.0242,0.658,0.03795,0.10236440000000001,0.012567139076906623,0.0673,0.1438,0.1014,0.236926,0.10098820442871008,0.1217,0.9358,0.21685,0.1345616,0.09756828669045511,0.0283,0.8331,0.1156,0.0945684,0.018645455572175656,0.0148,0.1713,0.0924,0.262284,0.1280680161909457,0.1423,1.4358,0.24135,0.1677156,0.12652027075646474,0.0683,1.346,0.1471,0.0870024,0.013617844801146481,0.0449,0.1489,0.0874,0.3933876,0.251958092483077,0.2401,1.4141,0.3079,0.3063852,0.2556702667149396,0.1669,1.3412,0.21775,0.08268600000000001,0.009966864983050657,0.042,0.1169,0.0826,250,"1,2,3,4,5",v1,2026-07-19 16:39:02
s031,0.0947736,0.018984291303739024,0.0536,0.1626,0.0933,0.3126464,0.14712553012136945,0.1095,1.2874,0.2757,0.2178728,0.14729538302200243,0.011,1.2093,0.186,0.0735964,0.01271031689859268,0.0283,0.1103,0.0738,0.2005332,0.2150316430850852,0.084,2.6127,0.15315,0.12693680000000002,0.2141458419213618,0.0161,2.5507,0.08,0.07371760000000001,0.013998806971542469,0.0399,0.1196,0.07355,0.2066484,0.1521315701489469,0.0795,1.2883,0.1481,0.13293080000000002,0.14901307525767998,0.0085,1.2273,0.0734,0.07428520000000001,0.01474243598034389,0.0452,0.1201,0.07195,0.49084160000000004,0.2967740084268686,0.2027,1.6573,0.35455000000000003,0.4165564,0.29813117604766914,0.1457,1.5968,0.278,0.0676452,0.013880919156399775,0.0372,0.1272,0.06584999999999999,0.4744624,0.16501185848295874,0.2999,1.5766,0.42305000000000004,0.4068172,0.1643720163018405,0.2426,1.5235,0.3595,0.0980576,0.020423564089562852,0.0533,0.1563,0.10015,0.312492,0.14567394333602796,0.1874,1.9045,0.28325,0.2144344,0.15120706253240532,0.0507,1.8361,0.1826,0.07551479999999999,0.01862968603511794,0.0346,0.1338,0.07455,0.142892,0.061755557901511236,0.0518,0.7719,0.12545,0.0673772,0.05898574397367987,-0.0335,0.655,0.054849999999999996,0.12342159999999999,0.03396881769716121,0.0185,0.2239,0.12645,0.1587272,0.053434248716563944,0.0112,0.7544,0.14984999999999998,0.0353056,0.0476619737696044,-0.1214,0.5305,0.0303,0.079914,0.01425320382500401,0.0544,0.1222,0.0776,0.2140596,0.08917957700988859,0.1409,0.9975,0.18725,0.1341456,0.08721700398302555,0.0559,0.9204,0.10805000000000001,0.0867192,0.017429915639405345,0.0478,0.1362,0.0879,0.36973520000000004,0.1911821448015575,0.2287,2.1138,0.3195,0.28301600000000005,0.19025694923162126,0.1469,1.9998,0.23199999999999998,0.0717248,0.013360973294994577,0.0056,0.1293,0.0708,250,"1,2,3,4,5",v1,2026-07-19 16:39:02
s032,0.1023104,0.013526486431469281,0.0586,0.1483,0.1029,0.1884236,0.13648916062056948,0.0635,1.1613,0.15250000000000002,0.0861132,0.13908506983989863,-0.0376,1.0708,0.05105,0.0937912,0.015230367656620225,0.0546,0.1285,0.0931,0.19510999999999998,0.0651799949907021,0.109,0.7086,0.1822,0.1013188,0.06641604119995938,0.0325,0.6139,0.08825,0.0823856,0.013659015611305217,0.0032,0.1176,0.08374999999999999,0.1128984,0.09119387484187026,0.0346,0.849,0.0889,0.0305128,0.0920325815154699,-0.042,0.7925,0.0077,0.0838268,0.017378765425393246,0.0388,0.149,0.08235,0.35704879999999994,0.31678500586093605,0.114,3.9843,0.26044999999999996,0.27322199999999996,0.31625299623324676,0.0443,3.9273,0.17665,0.0809736,0.016034566797063086,0.0106,0.1308,0.0802,0.3570292,0.18014385368209976,0.2064,1.4108,0.29575,0.2760556,0.1816702814255898,0.1282,1.3103,0.21439999999999998,0.0967896,0.014648329120554878,0.0605,0.1364,0.0975,0.2098612,0.11540570889319371,0.1385,1.2112,0.18605,0.11307160000000001,0.11609312991168237,0.0232,1.1252,0.0902,0.07752160000000001,0.014187624473208017,0.024,0.1113,0.0773,0.1179696,0.06816810395947447,0.0114,0.6061,0.1022,0.040448,0.0704930234948522,-0.0617,0.5821,0.02395,0.0920928,0.021472063389081596,0.005,0.1432,0.09405,0.1436984,0.12256021910337246,0.0471,1.5878,0.12475,0.0516056,0.1206377263242754,-0.0343,1.496,0.03185,0.070952,0.012335113949395772,0.0351,0.1169,0.06955,0.2195824,0.17157424426592033,0.105,1.1587,0.1715,0.1486304,0.17029511909090275,-0.0119,1.0812,0.1034,0.08486279999999999,0.015020802715463232,0.0132,0.1435,0.08535000000000001,0.24621600000000002,0.16518887031365653,0.1408,2.0428,0.21844999999999998,0.16135319999999997,0.16759873721668223,0.0679,1.9705,0.1302,0.0819256,0.01585345238267675,0.0461,0.1472,0.08005,250,"1,2,3,4,5",v1,2026-07-19 16:39:02
s033,0.090022,0.02529186647996073,0.014,0.1501,0.08810000000000001,0.4592036,0.25722871736879765,0.2049,2.4582,0.37705,0.3691816,0.26153985340885333,0.0986,2.3545,0.29215,0.1574564,0.020668105413062462,0.1016,0.2411,0.1563,0.1633104,0.08654266336419666,0.0354,1.1817,0.1459,0.005854,0.08747620906629665,-0.1324,1.0709,-0.0123,0.11306480000000001,0.02734657017913305,0.0327,0.2065,0.1163,0.32494080000000003,0.20217746135233639,0.1673,1.4874,0.26075000000000004,0.211876,0.2038601441614079,0.0348,1.3953,0.1535,0.1081248,0.021732098873458665,0.0422,0.2049,0.10365,0.6428356,0.27034696250036294,0.2579,2.1107,0.6457999999999999,0.5347107999999999,0.2659813134786716,0.1437,1.997,0.5410999999999999,0.0833484,0.014824342886213612,0.0391,0.1559,0.0819,0.6551404,0.21336312751874048,0.4581,2.6997,0.5883499999999999,0.5717920000000001,0.20900788059929812,0.3824,2.6034,0.50695,0.15129599999999999,0.0246021023034822,0.0557,0.2137,0.15205000000000002,0.4125392,0.268189982531565,0.1638,2.2162,0.325,0.2612432,0.27068767352829465,0.0021,2.0777,0.17154999999999998,0.1246456,0.024810248575488116,0.0264,0.1939,0.12585,0.3002188,0.13553003315171297,0.1689,1.2683,0.2621,0.1755732,0.1422271506121281,0.0201,1.1712,0.1388,0.2188764,0.059085802110865324,0.1364,0.7221,0.2084,0.2738308,0.16839254308199775,0.0713,1.2113,0.21815,0.0549544,0.1548823665577269,-0.2355,0.8513,0.01065,0.1088244,0.024983732953447052,0.0393,0.1862,0.1084,0.45563400000000004,0.2693510505599541,0.2187,2.0443,0.36095,0.3468096,0.27370780727427485,0.0833,1.9364,0.24885000000000002,0.1097464,0.025163887058392825,0.0037,0.1904,0.11,0.4500632,0.19327122151532053,0.2647,1.2963,0.3716,0.3403168,0.19354347777415717,0.1631,1.2187,0.2541,0.1037336,0.022703131938993724,0.0251,0.1991,0.1016,250,"1,2,3,4,5",v1,2026-07-19 16:39:02
s034,0.0898916,0.01579663076780799,0.0501,0.1575,0.0885,0.18255600000000002,0.121738862598049,0.0923,1.1724,0.15155,0.0926644,0.12143998390730139,0.0013,1.0972,0.059149999999999994,0.0864964,0.013066264043874854,0.0578,0.1271,0.0857,0.1193724,0.07122178775095284,0.0557,1.0409,0.1133,0.032875999999999996,0.07044639125008915,-0.0425,0.9734,0.0288,0.0612496,0.011705791818085325,0.0354,0.0997,0.060450000000000004,0.1004832,0.0636234754179385,0.0483,0.8194,0.0921,0.0392336,0.0635859112025126,-0.0116,0.7627,0.0314,0.0697636,0.011253147486521887,0.0315,0.1116,0.069,0.4669236,0.2501099942022298,0.1791,1.6269,0.41785,0.39716,0.2515961256493571,0.1184,1.5583,0.34545,0.09174760000000001,0.02438341687116991,0.0128,0.1796,0.09115000000000001,0.4658464,0.13620467621315102,0.3003,1.1241,0.4299,0.3740988,0.13914934639071738,0.2144,1.038,0.3329,0.1135196,0.024364657229842386,0.0493,0.2318,0.11185,0.1610136,0.10549198514940865,0.0534,1.032,0.1354,0.047494,0.10247534253326135,-0.0496,0.8969,0.02245,0.1051888,0.03176489111883062,0.0467,0.2425,0.09675,0.10107200000000001,0.05162578758503448,0.0051,0.6066,0.09734999999999999,-0.0041167999999999995,0.060899873366569955,-0.2287,0.4832,-0.0013,0.1010592,0.017163895027939326,0.004,0.1808,0.1021,0.1059628,0.07107671753296602,0.0035,0.6391,0.09765,0.004903600000000001,0.07375349278394434,-0.0989,0.5741,-0.0034,0.11162040000000001,0.02534385423787238,0.0108,0.2366,0.11,0.16336320000000001,0.10488046899622193,0.0778,0.8504,0.13729999999999998,0.051742800000000005,0.11124378980979109,-0.0399,0.756,0.02595,0.0933444,0.01594425242466783,0.0259,0.134,0.0923,0.2840224,0.18748418229997638,0.1542,1.5513,0.22435,0.190678,0.18862302866769778,0.0817,1.4492,0.12764999999999999,0.0809268,0.017279989406697636,0.0064,0.1469,0.081,250,"1,2,3,4,5",v1,2026-07-19 16:39:02
s035,0.0502828,0.007678953670775177,0.0322,0.091,0.0496,0.3092908,0.1565558702745755,0.1553,1.1882,0.25685,0.25900799999999996,0.15678138648638856,0.0854,1.1394,0.2076,0.0735864,0.014996202164462494,0.0306,0.1184,0.07295,0.1616352,0.12382363397300666,0.0768,1.7732,0.14195,0.0880488,0.12363249798005034,-0.0069,1.6872,0.0703,0.0565412,0.010544338521663546,0.0285,0.1082,0.055,0.1688692,0.15795235178082145,0.0739,1.5657,0.12494999999999999,0.112328,0.1589075842662942,-0.0116,1.5269,0.0681,0.07390959999999999,0.018109572449320526,0.0422,0.1612,0.06955,0.32355880000000004,0.21053335659585654,0.1372,1.8283,0.2625,0.24964920000000002,0.21377446533080113,0.0158,1.7531,0.19025,0.0680584,0.01051424112839458,0.0428,0.1145,0.0673,0.4667888,0.22510679026331165,0.2924,1.8758,0.3919,0.3987304,0.22411280622825186,0.2264,1.8067,0.32235,0.1088556,0.012582855863703885,0.0718,0.1391,0.1084,0.222442,0.13094674641849777,0.1198,1.3128,0.1797,0.1135864,0.13148877078446522,0.0195,1.221,0.07295,0.0659868,0.01591285838584733,0.0127,0.1242,0.0645,0.1713044,0.12798993599303815,0.008,0.8954,0.1387,0.1053176,0.12993411494734014,-0.0662,0.8495,0.07105,0.0724124,0.01588080748657645,0.0393,0.1345,0.0703,0.11826,0.08795957541752078,0.0017,0.8403,0.1049,0.0458476,0.08678927079044592,-0.0767,0.7519,0.0357,0.0701888,0.020821026273947246,0.0409,0.1532,0.0623,0.18811519999999998,0.08771463456818208,0.1224,0.7774,0.1652,0.1179264,0.08990310950928089,0.0179,0.7175,0.09625,0.0705128,0.015343750482704751,0.0285,0.1179,0.06845,0.31000439999999996,0.07750105026260763,0.2159,0.6945,0.28964999999999996,0.2394916,0.07976565355708905,0.1407,0.6267,0.21545,0.06765,0.012919230863500263,0.0425,0.1314,0.0654,250,"1,2,3,4,5",v1,2026-07-19 16:39:02
s036,0.0448936,0.006043028363927221,0.0288,0.0617,0.0446,0.7977192,0.5103485623883817,0.3053,5.5353,0.6658,0.7528256,0.5111460450223672,0.2636,5.4886,0.6213500000000001,0.0511216,0.00969287473987421,0.0225,0.0791,0.05265,0.3045416,0.2435521723822815,0.0984,2.7428,0.22244999999999998,0.25342,0.24863898394529643,0.0475,2.7053,0.1679,0.0440852,0.0059227406144066585,0.018,0.0599,0.0438,0.5646188,0.2526768490518017,0.1783,2.2099,0.5084500000000001,0.5205335999999999,0.25350970385932653,0.1369,2.1679,0.4561,0.0495456,0.006306986041821156,0.0238,0.0723,0.0499,0.514412,0.49115792781571277,0.1427,3.6049,0.3436,0.4648664,0.4916461683471577,0.0968,3.555,0.2931,0.046415599999999994,0.007492569052335526,0.0227,0.0683,0.0464,0.6929236,0.43193606840805415,0.3068,5.4445,0.62775,0.6465080000000001,0.43321774292744364,0.2487,5.4115,0.5803499999999999,0.038248,0.005515667352676512,0.0203,0.0596,0.038,0.6744815999999999,0.18783111737958724,0.5098,2.0407,0.6199,0.6362336000000001,0.18654371213522247,0.4784,2.0016,0.5821000000000001,0.042947200000000005,0.004689029767515082,0.0319,0.0596,0.0433,0.2649468,0.1277753796328592,0.0693,0.9895,0.23204999999999998,0.22199960000000002,0.12765903491968952,0.0223,0.946,0.18955,0.0562868,0.006600111487436131,0.0098,0.0755,0.0567,0.37306,0.10223760811979236,0.1315,1.1788,0.35795,0.3167732,0.1024247293503379,0.0729,1.1226,0.2999,0.0382416,0.005339068462587152,0.0243,0.0588,0.038,0.6373168,0.23579360239302077,0.4288,2.3138,0.5686,0.5990752,0.23465100622809068,0.3903,2.2721,0.53135,0.0405988,0.005764470055441381,0.0246,0.0704,0.0401,0.9969492,0.6683771872506636,0.4353,5.8836,0.7866500000000001,0.9563504,0.6668693677734329,0.4023,5.8364,0.7456499999999999,0.0452108,0.007388268362586077,0.0185,0.0702,0.0454,250,"1,2,3,4,5",v1,2026-07-19 16:39:02
s037,0.1129352,0.01657476795284817,0.0383,0.1849,0.1118,0.16931960000000001,0.11066135385394096,0.0187,0.8269,0.1379,0.0563844,0.10725194691523526,-0.0642,0.7064,0.028249999999999997,0.08233239999999999,0.012622728840210982,0.0364,0.1538,0.0802,0.1581952,0.11500310130688127,0.0562,1.5029,0.13955,0.0758628,0.11292868425279859,-0.0235,1.4161,0.05845,0.0707944,0.012465372464661095,0.0449,0.1098,0.07035,0.1021844,0.04109767233463839,0.029,0.3207,0.09515,0.03139,0.04221067857239645,-0.0617,0.2571,0.027999999999999997,0.09472799999999999,0.013965810806607096,0.0528,0.1614,0.0944,0.4432796,0.16566050790504483,0.2223,1.4596,0.4183,0.3485516,0.1672855750863411,0.1305,1.376,0.31895,0.0737368,0.012971848022718198,0.048,0.1467,0.07164999999999999,0.37165,0.13848718330502297,0.2667,1.2486,0.3327,0.29791320000000004,0.1375054608107296,0.2037,1.1782,0.25615,0.0909016,0.013629194297123915,0.0153,0.1372,0.09,0.2218104,0.13757516372709921,0.0943,1.6994,0.1863,0.13090880000000002,0.13573231955894444,-0.005,1.6131,0.09525,0.0967376,0.016001536894057623,0.0515,0.1762,0.09670000000000001,0.1408708,0.061574664795993446,0.0724,0.6507,0.1274,0.044133200000000004,0.05648753050159544,-0.0298,0.5433,0.03215,0.10155840000000001,0.011406354770768201,0.0749,0.1443,0.1001,0.1356172,0.056086607441502366,0.0467,0.5367,0.12745,0.0340588,0.05228101875680116,-0.0501,0.4059,0.0254,0.0861104,0.013998630592807842,0.0546,0.1269,0.0864,0.1796572,0.07722887156090188,0.0992,0.8785,0.16105,0.0935468,0.07856834035529028,-0.003,0.7914,0.07555,0.12372520000000001,0.01477121797557425,0.0765,0.1701,0.1241,0.28439600000000004,0.14812822997003713,0.1854,1.8928,0.2484,0.1606708,0.1486008120865128,0.0669,1.7841,0.12545,0.10479519999999999,0.01934794222737228,0.0525,0.1561,0.105,250,"1,2,3,4,5",v1,2026-07-19 16:39:02
s038,0.090484,0.02138947832773231,0.0409,0.1464,0.0852,0.3651188,0.23203045899659097,0.1701,1.6829,0.29755,0.27463479999999996,0.23537858565148434,0.0461,1.6177,0.1998,0.0853832,0.01866034489623884,0.042,0.1517,0.08455,0.1019992,0.047091787662191,0.0391,0.6422,0.095,0.016616,0.0468529218849436,-0.0551,0.5224,0.010450000000000001,0.0694384,0.01176170550155125,0.0428,0.1324,0.0676,0.1531356,0.1427879520465174,0.0341,1.3758,0.12825,0.0836972,0.14414182312171372,-0.0304,1.3138,0.0583,0.0707548,0.014098950264264963,0.0074,0.1401,0.0678,0.344616,0.2496291562429885,0.1772,1.7613,0.24825,0.27386119999999997,0.2489979723925123,0.1044,1.6816,0.17880000000000001,0.061418,0.012008000846824976,0.0367,0.1047,0.05975,0.5287192000000001,0.25471993398719656,0.3579,2.6693,0.46125,0.46730119999999997,0.255529013195957,0.2817,2.6163,0.40164999999999995,0.08141119999999999,0.021483581911006078,0.0478,0.1353,0.0774,0.4470656,0.2528697002764697,0.255,2.2108,0.37395,0.3656544,0.25534767337461944,0.1801,2.1617,0.28659999999999997,0.091654,0.015852198991036102,0.0103,0.152,0.0915,0.13797120000000002,0.048586379528244836,0.0763,0.6818,0.1301,0.0463172,0.05115141378975523,-0.0137,0.6058,0.03845,0.11280240000000001,0.020249928212476256,0.0077,0.1583,0.11355,0.14219679999999998,0.09443411501185514,0.0508,1.2804,0.1283,0.0293944,0.09712498080424471,-0.0454,1.1833,0.0168,0.0640748,0.008446384469251302,0.0433,0.1026,0.0636,0.2188112,0.17488384565891096,0.1135,1.4752,0.17054999999999998,0.1547364,0.17515820638524587,0.0535,1.3955,0.10585,0.09304760000000001,0.011580808033068981,0.061,0.1211,0.0934,0.39084640000000004,0.21439145690585923,0.2534,1.899,0.33415,0.29779880000000003,0.21539504147992022,0.16,1.7977,0.24209999999999998,0.0765724,0.014918396443646316,0.004,0.1089,0.07715,250,"1,2,3,4,5",v1,2026-07-19 16:39:02
s039,0.0800848,0.01201008649721903,0.0594,0.1377,0.0776,0.22873079999999998,0.13595926263312463,0.1129,1.4529,0.19275,0.14864600000000003,0.13672105012098446,0.0208,1.3809,0.11610000000000001,0.0911168,0.012009512534874232,0.0356,0.1414,0.09115000000000001,0.16843039999999998,0.11845995152922029,0.1019,1.5069,0.1504,0.0773136,0.11675032251032572,0.0048,1.4032,0.0594,0.0754608,0.00980658246273357,0.0306,0.0987,0.076,0.165604,0.0362140477302945,0.1022,0.4658,0.1607,0.09014319999999999,0.03527997790708631,0.0412,0.3937,0.0852,0.08055119999999999,0.008033970205886769,0.0583,0.1042,0.07925,0.3264796,0.20388568363621626,0.1902,1.4438,0.24715,0.24592840000000002,0.20278201591203637,0.1108,1.352,0.1642,0.089646,0.01061481139180221,0.0668,0.1261,0.08985,0.5096068,0.16202440812752958,0.3709,2.1337,0.47565,0.4199608,0.1615809364357001,0.282,2.0321,0.3822,0.15064519999999998,0.014614571487355897,0.1045,0.1859,0.14984999999999998,0.2358168,0.15355080853243286,0.1248,1.49,0.19565,0.0851716,0.15234123723960882,-0.0101,1.3412,0.0426,0.0855008,0.009065065970205443,0.0517,0.1169,0.08535000000000001,0.1640052,0.13731987988125532,0.0673,1.7509,0.13855,0.0785044,0.137905520378422,-0.0095,1.6807,0.053250000000000006,0.09788519999999999,0.013871217092038392,0.023,0.1282,0.09995,0.1436112,0.029117292826190147,0.0855,0.3501,0.13785,0.045725999999999996,0.030365706785687976,-0.005,0.2596,0.0396,0.0855244,0.007843909247891426,0.0557,0.1074,0.0857,0.2208096,0.1286229684773278,0.1701,1.5804,0.1989,0.1352852,0.1294783642474401,0.0762,1.4936,0.1139,0.0866472,0.010117570513338142,0.023,0.1198,0.0863,0.2379444,0.16501854729832582,0.1513,2.3764,0.2067,0.1512972,0.16581867979947792,0.0711,2.297,0.11895,0.0924776,0.010339124150176899,0.0583,0.1332,0.0929,250,"1,2,3,4,5",v1,2026-07-19 16:39:02
s040,0.1080804,0.015554538582744536,0.0654,0.1738,0.1068,0.4336268,0.21566132111125955,0.245,1.9472,0.36295,0.3255464,0.2148104978042451,0.0933,1.839,0.2602,0.1258888,0.018586110096361096,0.0559,0.1857,0.1245,0.1576448,0.10379104429798297,0.0657,1.0154,0.1332,0.031756,0.10542992564202788,-0.062,0.8985,0.013,0.11438240000000001,0.021874749573781698,0.0683,0.176,0.1129,0.21722239999999998,0.15501827557189876,0.104,1.0691,0.1624,0.10284,0.1582856611386147,-0.0467,0.9691,0.05395,0.1295336,0.029279216538775382,0.013,0.1873,0.13015,0.6704772,0.3146893359374782,0.2704,2.2518,0.6138,0.5409436,0.3175093745873392,0.1245,2.0914,0.49525,0.087568,0.017258046723393334,0.0346,0.1596,0.0842,0.5929743999999999,0.28721327253509943,0.3237,1.7501,0.4707,0.5054064,0.28841526321479766,0.2327,1.6746,0.38585,0.0884864,0.01808474403765865,0.0103,0.1366,0.0884,0.36480599999999996,0.11245341991510267,0.2356,1.5633,0.34030000000000005,0.2763196,0.11314965094899553,0.1263,1.4739,0.2526,0.1097152,0.018448162721289203,0.0396,0.1881,0.10805000000000001,0.2333988,0.13961994554984386,0.0927,0.927,0.1669,0.1236836,0.14002894283097853,-0.0335,0.7991,0.05655,0.1782708,0.0347241751625995,0.0694,0.2594,0.1765,0.1911396,0.13201583052755267,0.003,0.9787,0.1471,0.0128688,0.14310378120560396,-0.1852,0.8447,-0.018349999999999998,0.1303244,0.03326942595618106,0.0549,0.2388,0.12915,0.23456880000000002,0.12526049638404566,0.0696,0.9573,0.22355,0.1042444,0.13989344535342388,-0.109,0.8056,0.1135,0.1230784,0.033880992014987954,0.0264,0.2176,0.11145,0.4565204,0.26853262981795684,0.2048,2.5462,0.3809,0.333442,0.26844413678509954,0.1159,2.4423,0.24605,0.1086156,0.01826729352396689,0.0654,0.1854,0.106,250,"1,2,3,4,5",v1,2026-07-19 16:39:02
s041,0.170072,0.030738142912656176,0.0509,0.2759,0.17104999999999998,0.292822,0.20293828239602155,0.1313,1.6085,0.2311,0.12275,0.2047224078529472,-0.04,1.4463,0.06325,0.1245652,0.021444686223605975,0.043,0.2026,0.126,0.2050592,0.1044380249698279,0.0968,1.2289,0.1786,0.080494,0.10368185469004629,-0.0306,1.063,0.05395,0.12002760000000001,0.029973873466777854,0.0459,0.2297,0.1219,0.1755244,0.09484977852681759,0.0749,1.0222,0.1537,0.0554968,0.09850175578807381,-0.0586,0.9098,0.038400000000000004,0.1487936,0.025985395168985865,0.0736,0.2387,0.14945,0.3613096,0.2497009991645511,0.2184,3.4258,0.3107,0.21251599999999998,0.2505789365404662,0.0517,3.2918,0.1595,0.0981368,0.016821171570733352,0.0359,0.1696,0.09775,0.6196151999999999,0.3400592184564164,0.3745,3.645,0.5438,0.5214784,0.3416908825390007,0.2762,3.5479,0.44665,0.1647708,0.03350755695140135,0.038,0.2575,0.16544999999999999,0.24453239999999998,0.1303088833909738,0.0937,0.8358,0.2054,0.0797616,0.14471282032669955,-0.0865,0.7392,0.038,0.1395076,0.04554850874436331,0.0246,0.6872,0.13824999999999998,0.1960408,0.16572172499676566,0.088,1.7274,0.1582,0.0565332,0.15858980852258106,-0.1102,1.5868,0.02315,0.175362,0.026772453999823965,0.0615,0.2508,0.17635,0.1607384,0.08874541656494232,0.0011,0.7833,0.14525,-0.0146236,0.09500400056594532,-0.1696,0.6409,-0.03455,0.127162,0.03982829860134515,0.0559,0.3577,0.1216,0.20927520000000002,0.0741034305456538,0.1077,0.5435,0.18855,0.08211320000000001,0.06763336865766731,-0.1583,0.4003,0.06545,0.1451588,0.033963296137124115,0.0296,0.3407,0.1472,0.3292384,0.10433726999052792,0.2083,1.1207,0.2986,0.1840796,0.11089581104563816,0.0439,1.0057,0.1522,0.133864,0.039045165691227644,0.0137,0.2651,0.13,250,"1,2,3,4,5",v1,2026-07-19 16:39:02
s042,0.0993976,0.018589239725558895,0.0594,0.1546,0.10035,0.31718919999999995,0.09285861042185543,0.2194,1.2214,0.30495,0.2177916,0.09170729261906096,0.1207,1.1304,0.2072,0.060662799999999996,0.008717006422152928,0.0399,0.0865,0.0602,0.1557936,0.06175564002859468,0.1021,1.0718,0.15065,0.09513079999999999,0.06018001485636617,0.0438,0.9916,0.08915000000000001,0.0665684,0.01023781877026014,0.038,0.0913,0.06665,0.19089920000000002,0.07738082584331064,0.1224,0.9296,0.17715,0.12433079999999999,0.07561926277723083,0.0599,0.8536,0.11265,0.07518040000000001,0.010606505914335953,0.0538,0.1045,0.0733,0.3629932,0.18087885358009606,0.1962,1.7323,0.31395,0.2878128,0.1819584035946536,0.1316,1.6706,0.23904999999999998,0.0596544,0.0096449541836558,0.0264,0.0902,0.0588,0.37117239999999996,0.07998662487488468,0.2588,0.8867,0.349,0.31151799999999996,0.07769355126154627,0.2095,0.816,0.28895000000000004,0.068206,0.008694817040829207,0.047,0.0973,0.0681,0.2093244,0.11704651636255756,0.1296,0.9918,0.1804,0.1411184,0.11599210012152729,0.0536,0.9087,0.1121,0.0888892,0.0166309409278182,0.0433,0.1414,0.0897,0.14113599999999998,0.026716583000618088,0.0842,0.3701,0.1385,0.0522468,0.032303692108726835,-0.0108,0.2699,0.04825,0.0714588,0.011924499036398827,0.0048,0.0931,0.0718,0.1839704,0.0713869106200253,0.1061,1.1559,0.176,0.1125116,0.07146267979760781,0.0409,1.0907,0.1058,0.1406328,0.02899149238453811,0.0631,0.2255,0.1414,0.1335868,0.0885971888563797,0.0145,1.2186,0.1167,-0.007045999999999999,0.09652452423667512,-0.0866,1.1424,-0.029699999999999997,0.1292604,0.021141080696408302,0.0206,0.1828,0.1306,0.33536079999999996,0.08770010133664513,0.2275,1.2422,0.32130000000000003,0.20610040000000002,0.09265680793155055,0.1083,1.1061,0.189,0.12102840000000001,0.027832039867980402,0.0422,0.1854,0.122,250,"1,2,3,4,5",v1,2026-07-19 16:39:02
s043,0.0612524,0.007520820781063961,0.0362,0.0842,0.061,0.5089524,0.8147859699833856,0.0551,12.5061,0.4185,0.4477,0.8159115213075552,-0.0054,12.4517,0.3542,0.0683352,0.013891231269572136,0.0383,0.1443,0.0691,0.3396212,0.20996757253591916,0.1536,1.6161,0.2555,0.271286,0.21538596943001945,0.0755,1.5654,0.17685,0.0633884,0.009693254467343496,0.0156,0.1082,0.0633,0.22871799999999998,0.10809548673747695,0.0823,0.6923,0.22715,0.1653296,0.10583997583986463,0.0227,0.6348,0.1588,0.08278440000000001,0.010289068781262104,0.0625,0.1134,0.08165,0.5313024000000001,0.2847892620330292,0.1933,2.5023,0.43579999999999997,0.448518,0.28369824152606216,0.1255,2.4271,0.35545000000000004,0.05957,0.008195258938941791,0.0333,0.0847,0.06055,0.6088891999999999,0.2072596220373576,0.3963,2.2985,0.5541499999999999,0.5493192,0.20722002418941157,0.3382,2.2418,0.4944,0.0503196,0.007483189717855197,0.0309,0.0723,0.0501,0.472782,0.13856092898129915,0.3485,1.5702,0.4314,0.4224624,0.13809000857452527,0.2973,1.5151,0.38115,0.061250399999999997,0.0066722541725395814,0.0433,0.0818,0.0612,0.1017112,0.03185415866503192,0.0354,0.2319,0.09655,0.0404608,0.03171452328680406,-0.0253,0.1657,0.0341,0.1099096,0.01897553666717306,0.0106,0.1575,0.10975,0.2529196,0.06574436906759684,0.1578,0.9276,0.24215,0.14301,0.06739788304208237,0.0549,0.8276,0.12915,0.0554672,0.006383415711402344,0.037,0.0784,0.0559,0.3178704,0.07170510282346503,0.2447,0.793,0.29645,0.26240319999999995,0.07090016900983023,0.1909,0.7212,0.2417,0.0552716,0.007801129657667726,0.0185,0.0936,0.0554,0.3655596,0.20628973251912294,0.2392,2.3587,0.3226,0.310288,0.20719269986054528,0.1819,2.3054,0.26665,0.048734400000000004,0.00931365628599502,0.0277,0.1176,0.0488,250,"1,2,3,4,5",v1,2026-07-19 16:39:02
s044,0.0765488,0.01491453896202625,0.0449,0.138,0.0747,0.3425304,0.24622659747691814,0.1824,1.982,0.2827,0.26598160000000004,0.24905976279442024,0.0896,1.9163,0.20629999999999998,0.0583992,0.009021384643364574,0.0301,0.0929,0.0586,0.1401792,0.06111077018242491,0.0766,0.7641,0.1319,0.08178,0.06283535443576546,0.0185,0.7097,0.0739,0.0532756,0.007622446549869832,0.0164,0.0791,0.0525,0.2041852,0.12142855362517505,0.1169,1.0217,0.17015,0.1509096,0.12199312438588379,0.0726,0.9718,0.1162,0.0520332,0.00624446885854203,0.0346,0.0849,0.0516,0.41639760000000003,0.31399249011662456,0.2202,2.5951,0.30369999999999997,0.3643644,0.3149628073482497,0.1719,2.5405,0.2459,0.0489944,0.007271507955837447,0.0306,0.0762,0.0483,0.5132551999999999,0.19290431735858674,0.3274,2.2316,0.46135000000000004,0.46426080000000003,0.19261496557436253,0.2862,2.182,0.4113,0.0514636,0.008709718239256028,0.0074,0.0842,0.0499,0.4786312,0.34062460355757473,0.2051,2.1878,0.34145000000000003,0.4271676,0.3425805570995682,0.1514,2.1392,0.28875,0.06529,0.009202205297064246,0.0079,0.1097,0.0652,0.13186,0.13529199449745877,0.0025,1.3109,0.1059,0.06656999999999999,0.13720798308586113,-0.0411,1.303,0.0389,0.0857684,0.020015965551224136,0.0161,0.148,0.08795,0.1830264,0.06676578993663938,0.051,0.7781,0.17885,0.097258,0.06755654805227217,0.0111,0.7129,0.08615,0.0639268,0.011500548343832797,0.0153,0.1045,0.0623,0.2234348,0.09853134146026753,0.1625,1.1244,0.20045,0.159508,0.09987070886881619,0.0952,1.1091,0.13755,0.0860668,0.01227239604063987,0.0483,0.1266,0.086,0.29216919999999996,0.14659980759094743,0.171,1.5816,0.2494,0.2061024,0.1498772359555336,0.083,1.5233,0.158,0.06974,0.015086178147043643,0.0053,0.1198,0.0697,250,"1,2,3,4,5",v1,2026-07-19 16:39:02
s046,0.1114212,0.020709035883616486,0.0277,0.1693,0.1111,0.461916,0.28927624181795725,0.1859,2.6325,0.36860000000000004,0.3504948,0.28969951184219545,0.0727,2.5011,0.2539,0.09047079999999999,0.018514860724037928,0.0504,0.1575,0.0876,0.2055172,0.1470892076400465,0.1159,1.6408,0.18625,0.11504640000000001,0.14615825226740864,0.0422,1.5358,0.09325,0.0709376,0.012240794682447357,0.0198,0.1155,0.07085,0.2891276,0.21911210696791644,0.1082,1.436,0.2077,0.21819,0.21683812614899453,0.0538,1.3584,0.13290000000000002,0.08425440000000001,0.017600794085773495,0.0246,0.1393,0.0831,0.3019512,0.16343796588716256,0.1417,1.298,0.25755,0.2176968,0.16226662274537157,0.087,1.178,0.16970000000000002,0.0823916,0.01560443150423239,0.0464,0.1364,0.0806,0.5893012,0.20025116628111755,0.3809,1.5186,0.52245,0.5069096,0.19582855993799675,0.315,1.4579,0.4326,0.1119484,0.024747486534983657,0.0678,0.1941,0.1087,0.2231616,0.16089777955990955,0.1067,2.1008,0.19369999999999998,0.1112132,0.15778661008796727,0.0143,1.9699,0.07635,0.09039119999999999,0.01673026748022396,0.0383,0.1617,0.0886,0.2056,0.13003138916690343,0.0745,0.9531,0.1696,0.1152088,0.12712275793460265,-0.0105,0.8653,0.0787,0.108958,0.025983164846140026,0.0085,0.2002,0.10515,0.168364,0.10857425449412864,0.0017,1.0407,0.14900000000000002,0.059406,0.10710094103359287,-0.0433,0.9185,0.03715,0.1048664,0.017816757799159068,0.0333,0.1622,0.10555,0.2738604,0.1819367803386658,0.1417,1.4177,0.2162,0.168994,0.18089319777150284,0.0092,1.3306,0.1143,0.1111932,0.021367328439901762,0.0393,0.1902,0.1104,0.3033608,0.11826855927002419,0.1978,0.9131,0.2722,0.1921676,0.120729545525905,0.0909,0.7857,0.15245,0.0877404,0.013868843756730207,0.0043,0.1322,0.08825,250,"1,2,3,4,5",v1,2026-07-19 16:39:02
s047,0.08259040000000001,0.01979216884604923,0.0188,0.1485,0.08115,0.3334228,0.25352638131811256,0.1287,2.0157,0.2294,0.2508324,0.25535171136341506,0.0374,1.9263,0.14775,0.0847192,0.013238123090978092,0.0393,0.1221,0.0864,0.41461200000000004,0.21667490967328837,0.1525,1.7914,0.39395,0.32989280000000004,0.21656045732048926,0.0784,1.6909,0.30185,0.0700924,0.022229113255921352,0.013,0.1179,0.069,0.1747172,0.09124994880429879,0.0802,1.101,0.159,0.10462479999999999,0.08925937940748203,0.0275,1.0588,0.0885,0.0749856,0.019857175587915745,0.0182,0.1195,0.0745,0.7437512000000001,0.3076452641154919,0.4557,3.0223,0.6535,0.6687656,0.31006856104227554,0.3758,2.9584,0.5851500000000001,0.08307160000000001,0.01602618444269141,0.0319,0.1279,0.08349999999999999,0.5021228,0.23664024378807663,0.3195,2.2029,0.4162,0.4190512,0.23981702265682467,0.2396,2.1435,0.3358,0.0919316,0.01578699840738763,0.0399,0.1606,0.0915,0.3717384,0.20766521473536276,0.1472,1.4737,0.2829,0.2798068,0.20851944193388214,0.0351,1.3974,0.1965,0.0731812,0.020667105349664632,0.0132,0.1345,0.07085,0.16853200000000002,0.05039411994768043,0.1062,0.588,0.1619,0.09535080000000001,0.049179705091955614,0.0254,0.4798,0.0874,0.08308199999999999,0.018990930936405553,0.0259,0.1266,0.08205,0.1558716,0.11440843532596248,0.0349,1.2018,0.12955,0.0727896,0.11199611247125811,-0.0335,1.0752,0.051500000000000004,0.0929256,0.021705065401799305,0.0478,0.1642,0.0926,0.292132,0.20568100505238085,0.099,2.4931,0.24855,0.1992064,0.2105404555250385,-0.0652,2.4266,0.16325,0.10958240000000001,0.016263500732138125,0.0686,0.1532,0.1082,0.328382,0.3653698823929518,0.1986,5.3027,0.26095,0.2187996,0.36487202537251034,0.0925,5.2025,0.1536,0.1006148,0.01836751270728318,0.0191,0.1445,0.10115,250,"1,2,3,4,5",v1,2026-07-19 16:39:02
s048,0.1018476,0.014050591829636649,0.0504,0.1377,0.1024,0.1910636,0.07114544463427605,0.1141,0.9364,0.1733,0.08921599999999999,0.0705600440992859,0.0139,0.8269,0.0726,0.0897496,0.009807661327905426,0.0565,0.1348,0.0911,0.0966836,0.03752203330007432,0.0567,0.5193,0.09079999999999999,0.006934,0.03693438233399301,-0.0362,0.4357,0.0014,0.0733296,0.011711279182067226,0.0343,0.0992,0.07415,0.1173016,0.049842496479019234,0.0604,0.6034,0.1058,0.043972000000000004,0.05049681146242291,-0.0066,0.5042,0.034199999999999994,0.10203319999999999,0.016887976574210543,0.0623,0.1422,0.1016,0.3654068,0.1713615171267104,0.1918,1.6366,0.32155,0.2633736,0.1762953284530748,0.072,1.5356,0.22110000000000002,0.0858184,0.013168566589575954,0.046,0.1224,0.0847,0.4494964,0.1475483470796735,0.2912,1.7351,0.41675,0.363678,0.14833640007208407,0.2258,1.6404,0.32555,0.09186079999999999,0.01590230664989041,0.0372,0.1427,0.09075,0.16129400000000002,0.05855873380821075,0.0852,0.5228,0.1432,0.0694332,0.056242269060523375,-0.0045,0.4333,0.0544,0.0835304,0.012334756613849005,0.0372,0.1103,0.08215,0.150218,0.03816295692323246,0.0964,0.4274,0.1411,0.0666876,0.04037023892676407,0.0125,0.3456,0.0581,0.096678,0.018732280944871352,0.0238,0.1768,0.09395,0.12004680000000001,0.06983309311016757,0.0378,0.5285,0.1013,0.0233688,0.0706618759261144,-0.0672,0.437,0.0069,0.0847504,0.015287242359425838,0.0404,0.1269,0.0847,0.1590036,0.060374190167600365,0.0752,0.5923,0.1514,0.0742532,0.06279559120558893,-0.0167,0.5514,0.06845,0.09215040000000001,0.014096196325369941,0.0232,0.1612,0.09165000000000001,0.261002,0.12029713896253008,0.1647,0.8664,0.2104,0.1688516,0.12294161092252252,0.0758,0.7857,0.11660000000000001,0.0984688,0.01757125443700476,0.0195,0.1617,0.0976,250,"1,2,3,4,5",v1,2026-07-19 16:39:02
s049,0.08161239999999999,0.011398874664389365,0.0549,0.1229,0.0805,0.6129776,0.4663741620354814,0.2595,3.5769,0.43535,0.5313652,0.46800260874929406,0.1682,3.5159,0.35635,0.1250108,0.01516409054073836,0.0472,0.1659,0.1253,0.2794988,0.32972186715058666,0.1156,4.9197,0.22144999999999998,0.154488,0.32867066916760973,0.0185,4.7999,0.0939,0.0762808,0.017567429226797927,0.0301,0.183,0.07505,0.43976519999999997,1.636743024712413,0.1211,25.9873,0.2621,0.3634844,1.6364205293481655,0.0425,25.9158,0.19030000000000002,0.12948240000000003,0.02130355878032652,0.0483,0.3254,0.1274,0.7855256,0.7078418827028201,0.2155,4.7159,0.51955,0.6560431999999999,0.7055034986164138,0.0886,4.575,0.39625,0.0971532,0.015670856797606318,0.0573,0.1443,0.096,1.1276700000000002,1.0136320107776255,0.4576,8.3702,0.7013,1.0305168,1.0157865250808877,0.3806,8.2908,0.59255,0.1249184,0.025172010286176775,0.0673,0.2817,0.12455,0.6038196,0.4974337797907858,0.1678,3.1764,0.34115,0.4789012,0.5004195627206974,0.0454,3.045,0.21484999999999999,0.0919036,0.013499719878099272,0.0546,0.1585,0.0901,0.2932168,0.27907718347278127,0.1344,2.1082,0.19895,0.2013132,0.2785825858417881,0.0447,2.0114,0.1077,0.1621456,0.13151526275680692,0.0886,2.0353,0.1477,0.34085360000000003,0.34926400287153464,0.1692,3.3278,0.2526,0.178708,0.2740261144885406,0.0359,2.5242,0.1062,0.0745304,0.009548310677138053,0.0493,0.1153,0.0733,0.4848344,0.2712257771403403,0.2363,2.5941,0.418,0.41030399999999995,0.2677490668427823,0.1653,2.5086,0.34450000000000003,0.0760788,0.009962023802066117,0.053,0.1092,0.0744,0.8574556,0.46535608060458694,0.372,4.0736,0.7317,0.7813768,0.4659663176437475,0.2913,3.9818,0.65335,0.077798,0.0115370172517975,0.042,0.1221,0.0762,250,"1,2,3,4,5",v1,2026-07-19 16:39:02
s050,0.0907316,0.010748075453018329,0.0636,0.1277,0.0897,0.2801784,0.17987600329026301,0.1129,1.4368,0.23125,0.1894468,0.17899010385737948,0.0266,1.3315,0.13774999999999998,0.0663588,0.008552687085679106,0.0172,0.0968,0.066,0.1809904,0.1033075195823082,0.0895,1.024,0.1514,0.1146316,0.10421616630213787,0.0351,0.9628,0.0855,0.07569799999999999,0.011238879197788803,0.0166,0.1124,0.0741,0.19150479999999998,0.16359249025683836,0.0499,1.3945,0.1497,0.1158068,0.16364105295005407,-0.0277,1.313,0.07150000000000001,0.08309359999999999,0.009272988314947701,0.0559,0.1134,0.0831,0.3201672,0.14517460379317731,0.2086,1.1896,0.26680000000000004,0.2370736,0.1458889342878017,0.121,1.111,0.18065,0.06733839999999999,0.011708214834827467,0.0404,0.1105,0.0665,0.3669376,0.14584612684987022,0.2328,1.1375,0.32265,0.2995992,0.144243512307247,0.1642,1.0586,0.254,0.10728560000000001,0.02050180794848656,0.0193,0.2045,0.10625,0.18698320000000002,0.10101190214653445,0.0892,0.9929,0.16194999999999998,0.0796976,0.09829675295147453,-0.0045,0.8916,0.0562,0.09341200000000001,0.011467888465774937,0.0654,0.143,0.09325,0.162078,0.04259725602528329,0.0975,0.333,0.1532,0.06866599999999999,0.04177630239462401,0.012,0.2488,0.0584,0.1147212,0.01448026182394365,0.0726,0.1532,0.1174,0.1272644,0.08281904436224985,0.052,0.5307,0.10555,0.012543200000000001,0.08536121909074774,-0.0614,0.4418,-0.0095,0.088402,0.01624150182483457,0.0103,0.1177,0.091,0.2187536,0.05027712366170898,0.1218,0.615,0.21034999999999998,0.13035159999999998,0.05450172925151659,0.0767,0.5815,0.12040000000000001,0.0875088,0.012419052056252268,0.0095,0.1126,0.0892,0.27836,0.10549369116445785,0.1964,0.7499,0.2447,0.1908512,0.1059113599346777,0.1101,0.6839,0.15615,0.08649280000000001,0.015546709906461322,0.009,0.1522,0.0871,250,"1,2,3,4,5",v1,2026-07-19 16:39:02
s051,0.10443000000000001,0.021085614826474523,0.0082,0.1801,0.1046,0.1921916,0.05337409056475304,0.1118,0.5236,0.1785,0.0877616,0.056560700994843685,-0.0012,0.4495,0.0775,0.071742,0.011140787430801888,0.0404,0.1519,0.0704,0.1087688,0.041724851100482435,0.0027,0.4669,0.1074,0.0370268,0.04177580007189074,-0.0628,0.4059,0.03605,0.0743052,0.012757094764377567,0.0116,0.1051,0.0741,0.106486,0.056475734598087156,0.0417,0.5441,0.09620000000000001,0.032180799999999996,0.058582742357870844,-0.043,0.4776,0.0227,0.077142,0.014697906989755987,0.0417,0.1453,0.07494999999999999,0.2240388,0.11865304748412106,0.0013,0.9702,0.18785,0.14689680000000002,0.11870243477640795,-0.1362,0.8787,0.1144,0.07218240000000001,0.013324579841473703,0.0248,0.1089,0.0723,0.35589319999999997,0.11662298674751756,0.2217,1.4751,0.33394999999999997,0.2837108,0.11900047485376561,0.1507,1.4503,0.2609,0.08218,0.017902531736329382,0.0106,0.1388,0.08405,0.196104,0.06128021018765005,0.0864,0.5164,0.19169999999999998,0.11392400000000001,0.06696933410780918,0.0072,0.4331,0.09945,0.0762624,0.01523992149153903,0.024,0.143,0.07585,0.1456188,0.062279734326594276,0.0204,0.4387,0.1315,0.0693564,0.06180013759748657,-0.0042,0.3717,0.0491,0.0851696,0.022099872699482544,0.0077,0.1636,0.0836,0.1573476,0.06655515644665377,0.0093,0.4629,0.1421,0.07217799999999999,0.06258176110731603,-0.0377,0.3587,0.0618,0.0955556,0.02337562637178076,0.0053,0.1788,0.0916,0.1324304,0.061702384824348956,0.0374,0.4871,0.11725,0.0368748,0.06743444209662845,-0.075,0.4338,0.02255,0.0833608,0.014595443509704669,0.0177,0.1275,0.08324999999999999,0.2341184,0.08114804496874224,0.1073,0.9261,0.21134999999999998,0.1507576,0.08030481514568305,0.0758,0.8559,0.12664999999999998,0.061473999999999994,0.011781017506734118,0.0235,0.0944,0.06055,250,"1,2,3,4,5",v1,2026-07-19 16:39:02
s052,0.056950400000000005,0.009101816968524147,0.0127,0.0966,0.0565,0.6109196,0.1340317242606134,0.2848,1.656,0.5903,0.5539692,0.13330244370359226,0.2154,1.5966,0.53115,0.080748,0.011235400879885268,0.0467,0.1232,0.08024999999999999,0.0645584,0.01753427708608847,0.0327,0.1652,0.06185,-0.0161896,0.017089310987870775,-0.0412,0.0818,-0.0206,0.10939960000000001,0.01686405959024854,0.0288,0.1548,0.11080000000000001,0.12486879999999999,0.03499526971132916,0.0127,0.4698,0.1216,0.015469199999999999,0.03304928246795361,-0.0238,0.3566,0.0108,0.0804516,0.017481568533560546,0.0507,0.1456,0.07655,0.3930864,0.21829985929752055,0.2081,1.3623,0.297,0.3126348,0.21456852368037946,0.1305,1.2766,0.22535,0.0665072,0.012826025725204755,0.0414,0.1018,0.06425,0.35178719999999997,0.11235345545183682,0.238,1.1733,0.3201,0.28528,0.10956602784545633,0.1718,1.0884,0.2551,0.07568000000000001,0.017574970793534015,0.0111,0.1454,0.0712,0.2801144,0.09744654694078562,0.1729,1.0128,0.2633,0.20443440000000002,0.0975685211629638,0.1066,0.9969,0.1868,0.06795040000000001,0.009692937220877449,0.0354,0.1203,0.0673,0.2653076,0.1287239195023527,0.0792,0.9545,0.27035,0.1973572,0.1314133625457561,-0.0089,0.8922,0.2008,0.0979792,0.029234535048775302,0.0422,0.2041,0.09,0.1895988,0.12079597139549614,0.0307,0.8875,0.15775,0.09161960000000001,0.11513654708099834,-0.0863,0.7751,0.0731,0.09917959999999999,0.0176274049554053,0.0497,0.148,0.09670000000000001,0.0698192,0.047678396673940186,0.0016,0.4887,0.063,-0.0293604,0.04743531541408506,-0.0834,0.4019,-0.0357,0.1094816,0.01718352336808039,0.019,0.1577,0.1104,0.4934676,0.20677562163138133,0.2871,1.5121,0.4117,0.383986,0.20374446316176614,0.2037,1.392,0.30315000000000003,0.0726884,0.019975874641948554,0.014,0.1646,0.06995,250,"1,2,3,4,5",v1,2026-07-19 16:39:02
s053,0.10794240000000001,0.024440419362902484,0.018,0.182,0.11,0.1973416,0.10450711678769586,0.088,1.3143,0.17525000000000002,0.0893992,0.09807662400421552,-0.0091,1.17,0.0664,0.0570752,0.011046380177238172,0.0119,0.0971,0.0566,0.09477479999999999,0.036852327213409156,0.0359,0.5478,0.0933,0.03769960000000001,0.038690647768407235,-0.0108,0.5359,0.03565,0.0952436,0.012624947375133868,0.0591,0.1232,0.0958,0.0927876,0.06687653827559338,0.0254,0.9402,0.0878,-0.0024560000000000003,0.0665444935549889,-0.0687,0.8431,-0.010950000000000001,0.057072000000000005,0.016404045440906012,0.0151,0.119,0.05625,0.26997879999999996,0.17430087656937177,0.1266,1.1134,0.20525,0.2129068,0.17066954799321646,0.0802,1.0361,0.15255000000000002,0.068182,0.01839541685979915,0.0082,0.1358,0.06634999999999999,0.356336,0.09432306220780282,0.2422,0.8366,0.3292,0.288154,0.09216688027310628,0.1807,0.7517,0.25605,0.0542648,0.010775695961459534,0.0014,0.0929,0.0536,0.2314792,0.06189726466372651,0.1407,0.6227,0.2182,0.17721440000000002,0.061018008012777604,0.0855,0.5662,0.16515,0.08130079999999999,0.018558155617401168,0.018,0.1459,0.0797,0.0950488,0.036854916061655155,0.0062,0.3551,0.0912,0.013748,0.030745734284723592,-0.0751,0.2324,0.0137,0.10986320000000001,0.019195295340599775,0.0336,0.1638,0.1109,0.0790316,0.03979256153168593,0.0022,0.5186,0.0754,-0.0308316,0.04268636626488133,-0.1213,0.3882,-0.03705,0.1123148,0.014388699721611912,0.0476,0.1751,0.1123,0.0850164,0.04810346290668124,0.0087,0.6968,0.07915,-0.0272984,0.045816327886946326,-0.0631,0.5799,-0.033,0.10217440000000001,0.019054980286920802,0.0439,0.1783,0.10189999999999999,0.236654,0.08816960520000361,0.1247,0.8037,0.21645,0.1344796,0.08182068860732417,0.0442,0.6932,0.11,0.09562000000000001,0.017989664591884807,0.0101,0.1409,0.0968,250,"1,2,3,4,5",v1,2026-07-19 16:39:02
s054,0.09327840000000001,0.01609875688782625,0.0277,0.1427,0.0934,0.3196852,0.13253671424723718,0.1775,1.4369,0.2881,0.2264068,0.13093316665490498,0.0796,1.3343,0.19519999999999998,0.0794252,0.008414615139850845,0.0496,0.1047,0.0797,0.1163052,0.047032980107912827,0.066,0.706,0.11019999999999999,0.03688,0.04726686775267214,-0.0093,0.6287,0.029699999999999997,0.0900524,0.01855746134919612,0.0399,0.1308,0.0944,0.11572679999999999,0.040166090437633785,0.0568,0.6522,0.11165,0.0256744,0.04204710287380474,-0.0275,0.5636,0.02205,0.095826,0.016556618327477592,0.0412,0.1398,0.0971,0.2995332,0.1350447442500383,0.1914,1.0815,0.25425,0.2037072,0.1386941187739767,0.092,1.0403,0.1511,0.0725808,0.012287118640999276,0.0058,0.1089,0.0728,0.3604756,0.09428527295087859,0.2549,0.8796,0.3346,0.28789479999999995,0.09345770349376942,0.2098,0.8076,0.26234999999999997,0.08085160000000001,0.01146713207003593,0.0145,0.1111,0.0827,0.1505704,0.08702666306469937,0.0935,0.8087,0.1312,0.0697188,0.08903202396737316,0.0075,0.719,0.05085,0.079636,0.014633363430913784,0.0135,0.1245,0.07865,0.14666679999999999,0.07436191738240178,0.0824,1.0992,0.1361,0.0670308,0.07646889944079713,0.007,1.028,0.0563,0.1024372,0.017142111424687034,0.0124,0.1383,0.10395,0.12401519999999999,0.0919533455617576,0.0307,0.7983,0.1071,0.021578,0.09603945033203969,-0.0522,0.7007,0.0011,0.1037984,0.037189177689063706,0.0135,0.2034,0.08795,0.1808244,0.15097144815252014,0.01,1.5651,0.17209999999999998,0.077026,0.16431235291750015,-0.1037,1.4604,0.0902,0.1050596,0.0235442369213537,0.0636,0.1844,0.09985,0.28839359999999997,0.12663239416534852,0.1347,1.0706,0.25505,0.183334,0.12301447299511171,0.0466,0.9023,0.1522,0.0919112,0.025007866123124712,0.0164,0.1638,0.0946,250,"1,2,3,4,5",v1,2026-07-19 16:39:02
s055,0.0953156,0.010611831155928167,0.0586,0.124,0.0958,0.1454216,0.06428021872643302,0.0801,0.5701,0.12815,0.050106000000000005,0.06702049560638373,-0.0165,0.4793,0.031200000000000002,0.1036384,0.016455783685586874,0.0151,0.1572,0.10435,0.1181236,0.030745122103720622,0.0407,0.5224,0.11649999999999999,0.0144852,0.028970442993315023,-0.0238,0.4061,0.013,0.0830852,0.008679069416923408,0.0515,0.1076,0.0827,0.0862504,0.04581801635087794,0.0449,0.3737,0.07735,0.0031652,0.04745265606084569,-0.0528,0.3183,-0.0036,0.1060136,0.025909065086463824,0.0406,0.188,0.10185,0.2200076,0.14137071144497304,0.0881,0.9659,0.1807,0.113994,0.14974924021101108,-0.0454,0.849,0.07974999999999999,0.101352,0.021211147709367217,0.0021,0.1461,0.1005,0.2487488,0.0809704979899405,0.17,0.7195,0.22544999999999998,0.14739680000000002,0.07824232919636463,0.0868,0.5815,0.1206,0.11481480000000001,0.010310456975915703,0.0755,0.1436,0.11495,0.1069972,0.024397809833233697,0.0586,0.235,0.1013,-0.0078176,0.02378554643300141,-0.0554,0.1176,-0.012150000000000001,0.08399039999999999,0.014348680999510127,0.0238,0.1396,0.08299999999999999,0.117176,0.03509370908967422,0.0489,0.4593,0.1126,0.0331856,0.036573437601515775,-0.0411,0.3738,0.0291,0.08723520000000001,0.013230661456264423,0.0497,0.1316,0.0871,0.0682736,0.041827339004445054,0.0069,0.3972,0.061,-0.018961600000000002,0.042134638439956545,-0.0779,0.2975,-0.02545,0.0640536,0.00818250699497969,0.0248,0.11,0.0636,0.17931999999999998,0.022487181533783495,0.1541,0.3755,0.17535,0.1152664,0.02258628415582943,0.0965,0.3367,0.1123,0.09746120000000001,0.013518714328974972,0.0641,0.1395,0.09685,0.1687376,0.04243449033652321,0.094,0.4685,0.16305,0.07127639999999999,0.04967943142455103,-0.0147,0.3941,0.0666,0.108646,0.02169814281468406,0.0325,0.2263,0.1095,250,"1,2,3,4,5",v1,2026-07-19 16:39:02
s056,0.0920256,0.01713973004525148,0.0573,0.153,0.0918,0.1767272,0.09802642244901422,0.0999,1.3414,0.15694999999999998,0.0847016,0.09634159646944368,0.0028,1.2583,0.0674,0.07586079999999999,0.013463160480380596,0.0388,0.1271,0.0747,0.1414084,0.04446295476941795,0.0834,0.5496,0.13465,0.0655476,0.043222264062433506,0.0027,0.4523,0.0599,0.0843792,0.01934084591331441,0.0433,0.153,0.08365,0.0905816,0.05481228335937367,0.0338,0.488,0.0776,0.006202400000000001,0.0568385403835437,-0.0567,0.4104,-0.00225,0.0865172,0.0179735142087475,0.037,0.1736,0.08495,0.3233332,0.17541259811103727,0.1343,0.9224,0.23854999999999998,0.236816,0.17549663523817113,0.0417,0.8251,0.1535,0.10119,0.02129154337470885,0.0014,0.1875,0.10225000000000001,0.3551048,0.14611685693472168,0.2145,1.2905,0.30945,0.2539148,0.14415740804459734,0.1375,1.1597,0.20545000000000002,0.1047976,0.018503259081213395,0.0135,0.1569,0.10445,0.2155492,0.07605744882288507,0.1124,0.566,0.1943,0.11075159999999999,0.0771298395306518,0.013,0.4995,0.09195,0.09561,0.014064130940675528,0.0628,0.138,0.09565,0.123854,0.08377827403810141,0.0639,0.8659,0.10364999999999999,0.028244,0.07958926276193262,-0.0366,0.7601,0.010249999999999999,0.0990268,0.016126100776848087,0.047,0.1646,0.09865,0.1239472,0.050780720934568674,0.0394,0.5552,0.11585,0.024920400000000002,0.04902546858644477,-0.0393,0.4576,0.01825,0.0638648,0.011604975778141242,0.0333,0.119,0.0623,0.17531039999999998,0.06508755527168751,0.1284,0.8479,0.16515000000000002,0.1114456,0.06288700647170199,0.0583,0.7587,0.1044,0.1015592,0.020427999117676877,0.0631,0.1799,0.10065,0.175248,0.10044183683279287,0.0751,0.8003,0.13774999999999998,0.0736888,0.10113162143452416,-0.026,0.6716,0.04435,0.11164,0.017957752741758544,0.0391,0.1704,0.11265,250,"1,2,3,4,5",v1,2026-07-19 16:39:02
s057,0.09663479999999999,0.01903943141890061,0.0251,0.1517,0.09709999999999999,0.1573244,0.07248746190323328,0.0424,0.4859,0.1363,0.060689599999999996,0.07048502740435567,-0.0381,0.3944,0.04,0.077278,0.011931085415702423,0.014,0.1037,0.0784,0.1183444,0.054310052068310986,0.0035,0.5358,0.11065,0.0410664,0.05693791227695155,-0.0502,0.446,0.0312,0.0792916,0.01146091531069993,0.0235,0.1126,0.0799,0.09762,0.07718725106458729,0.0225,0.7181,0.08049999999999999,0.018328399999999998,0.0790176175861813,-0.0544,0.6477,0.0015,0.06337319999999999,0.016759035258965382,0.0219,0.1403,0.0612,0.2108764,0.11232954084311085,0.0886,0.8759,0.1795,0.1475032,0.11164669600429163,-0.018,0.7904,0.11655,0.0789708,0.0126395784396684,0.0312,0.1145,0.079,0.3450664,0.11929220103574165,0.2005,1.3034,0.3195,0.2660956,0.11879749678173541,0.1274,1.2221,0.2417,0.070206,0.009053420441288863,0.0407,0.0992,0.0694,0.197036,0.08925909931903286,0.1163,0.7343,0.1703,0.12683,0.0890374977412105,0.0501,0.6683,0.09985,0.08347360000000001,0.015684369954943492,0.0393,0.1438,0.08324999999999999,0.145484,0.05273776818155169,0.0685,0.4463,0.1317,0.0620104,0.052053667585255745,-0.0013,0.3698,0.048100000000000004,0.0855384,0.01897924372067642,0.0087,0.1325,0.08765,0.1108604,0.10346527846204688,0.0212,1.4652,0.09335,0.025322,0.10319996281637507,-0.0491,1.3505,0.0052,0.06931440000000001,0.014136535615092797,0.023,0.1163,0.0701,0.18585200000000002,0.11642184589158179,0.0401,0.8648,0.16049999999999998,0.11653759999999999,0.11552043207653169,-0.0183,0.7632,0.09035,0.10402679999999999,0.021145298682817,0.0356,0.1709,0.10435,0.28569880000000003,0.10337151910661672,0.1909,0.9356,0.2515,0.181672,0.1067416579511892,0.0909,0.839,0.1423,0.1181196,0.022048753387522275,0.0082,0.2055,0.11515,250,"1,2,3,4,5",v1,2026-07-19 16:39:02
